706106,粤GM124O,大型汽车,黑底白字,斯卡达,灰,2015-09-19 14:51:03,kk46062,,112.883803_23.007345
792761,粤D4031U,小型汽车,红黑字,丰田,白,2015-02-14 14:42:06,kk687478,,116.153035_24.194515
685515,粤D34Y3T,大型汽车,红黑字,丰田,灰,2017-06-26 17:39:33,kk41709,,112.405881_23.656955
800469,粤EY40GN,警用汽车,黑底白字,五菱,黑,2016-12-22 16:47:14,kk938488,,116.823595_25.345759
574183,粤D1Q134,大型汽车,红黑字,本田,黑,2015-05-23 07:13:06,kk147849,,111.813866_24.136347
339407,粤A012AR,警用汽车,蓝底白字,斯卡达,红,2017-10-06 14:12:41,kk885081,,116.355617_23.333484
792668,粤BCT4L2,警用汽车,黄底黑字,斯卡达,白,2017-12-28 08:00:23,kk619551,,114.242916_24.956362
328896,粤F1L4N1,教练车,蓝底白字,斯卡达,蓝,2015-10-06 02:58:00,kk534111,,111.584094_23.269050
128609,粤BX3D4E,教练车,黑底白字,本田,白,2015-05-18 13:52:27,kk568715,,116.116052_25.134126
774794,粤D04101,大型汽车,红黑字,丰田,红,2015-06-16 19:33:56,kk100026,,115.988606_24.281258
420225,粤C3OBOV,教练车,黄底黑字,大众,白,2015-08-24 04:57:33,kk971181,,115.026944_24.974667
291716,粤H0X24H,大型汽车,黑底白字,起亚,灰,2016-07-04 13:03:51,kk660840,,114.819958_23.829043
686813,粤A41FBS,教练车,红黑字,五菱,红,2015-04-04 17:50:17,kk537342,,115.678143_22.632026
639428,粤C2QO22,小型汽车,红黑字,本田,黑,2017-07-16 22:24:38,kk504853,,116.917529_24.209753
406652,粤B0PK0T,小型汽车,红黑字,五菱,灰,2017-01-17 18:32:19,kk28430,,112.449945_25.424508
316824,粤DT314H,教练车,蓝底白字,起亚,白,2015-04-13 00:24:03,kk918999,,116.403511_24.903899
983927,粤D3XWEZ,教练车,蓝底白字,丰田,红,2017-04-02 04:39:48,kk398352,,116.739680_24.147035
181081,粤H2QZQ2,小型汽车,蓝底白字,本田,灰,2015-10-14 11:53:37,kk636557,,113.106304_23.515798
338730,粤G1N23B,大型汽车,黄底黑字,斯卡达,白,2015-03-18 05:53:18,kk103615,,113.229976_24.362218
587227,粤AOCRSJ,小型汽车,红黑字,起亚,蓝,2015-02-26 20:18:23,kk757864,,111.365674_25.492242
498891,粤G2P124,大型汽车,黄底黑字,斯卡达,灰,2017-01-06 17:55:26,kk305526,,113.609844_24.054856
201183,粤CK04O2,警用汽车,黑底白字,斯卡达,灰,2017-09-22 01:30:26,kk508958,,113.461849_23.030362
330526,粤DIZL01,警用汽车,蓝底白字,起亚,蓝,2017-06-11 09:11:14,kk795618,,113.737246_24.721135
375369,粤F31JEI,大型汽车,红黑字,起亚,灰,2017-05-09 05:06:25,kk225366,,115.075540_23.776125
317482,粤B30320,教练车,红黑字,丰田,黑,2015-05-19 12:34:51,kk210674,,116.248712_23.583858
122023,粤G3FXVD,警用汽车,黑底白字,大众,蓝,2016-08-17 02:54:57,kk252473,,111.502804_23.563322
549825,粤C13O3S,小型汽车,蓝底白字,斯卡达,蓝,2017-08-28 11:45:25,kk353772,,115.525759_25.064481
969395,粤C03B0M,警用汽车,红黑字,丰田,红,2016-02-30 19:37:55,kk703851,,112.981779_24.481937
331528,粤CF02Y4,警用汽车,蓝底白字,起亚,灰,2016-10-05 15:25:57,kk687756,,115.202783_23.687902
235973,粤F1T30F,小型汽车,蓝底白字,本田,黑,2015-10-16 00:15:20,kk268966,,115.653946_23.917976
67521,粤D4EJ14,警用汽车,蓝底白字,丰田,白,2017-03-01 22:14:18,kk317537,,113.631719_24.953259
507893,粤G2V2BC,大型汽车,蓝底白字,五菱,灰,2017-10-06 06:05:38,kk511677,,112.413932_23.533293
340253,粤E3L032,警用汽车,红黑字,大众,白,2015-08-14 19:39:34,kk27631,,112.678314_24.954460
354689,粤ERP42U,大型汽车,红黑字,斯卡达,黑,2016-04-13 17:07:44,kk350914,,116.828185_24.188898
335922,粤BE40MH,大型汽车,蓝底白字,斯卡达,白,2015-05-22 01:01:23,kk191339,,111.922991_22.758052
568549,粤BG1J12,小型汽车,黑底白字,丰田,红,2017-09-13 15:51:00,kk664962,,115.544545_24.388094
30536,粤DV0A32,大型汽车,红黑字,大众,白,2015-02-19 13:42:07,kk617975,,116.983471_23.693818
462216,粤E0IKX3,教练车,黑底白字,斯卡达,黑,2015-02-06 15:12:26,kk210738,,114.900755_22.624846
795955,粤AAAG13,教练车,黄底黑字,起亚,黑,2015-11-28 03:53:40,kk654557,,115.146229_25.348018
10709,粤GRHYN4,大型汽车,红黑字,斯卡达,蓝,2017-07-08 13:55:41,kk299488,,111.256960_24.770212
336071,粤C4I000,教练车,黄底黑字,起亚,白,2016-12-12 13:48:31,kk108348,,115.149143_23.642635
872003,粤H32T00,小型汽车,红黑字,斯卡达,白,2016-09-18 00:22:05,kk920286,,112.254682_25.490016
113285,粤A120NE,教练车,蓝底白字,起亚,红,2017-09-05 22:54:09,kk806676,,112.481506_23.316185
571842,粤B42SQ2,警用汽车,黑底白字,大众,黑,2015-08-19 07:26:31,kk252766,,112.576458_23.126417
675435,粤EQT3NE,小型汽车,蓝底白字,五菱,蓝,2015-12-01 12:52:45,kk860421,,115.549305_22.920444
387822,粤AZ1012,小型汽车,黑底白字,丰田,蓝,2017-10-04 15:51:43,kk760472,,112.903075_23.582749
543332,粤B2E0Q1,警用汽车,黄底黑字,本田,蓝,2017-05-19 08:31:21,kk947587,,114.805684_22.927945
717916,粤EHGFII,警用汽车,黄底黑字,本田,红,2017-02-16 14:55:19,kk306251,,112.300268_25.375265
569061,粤G3S00I,大型汽车,黑底白字,丰田,黑,2017-06-26 01:03:31,kk183358,,115.384672_22.579972
968591,粤FM4J30,小型汽车,蓝底白字,大众,黑,2017-06-16 13:05:45,kk981074,,112.378426_23.608853
925199,粤D301M4,警用汽车,黄底黑字,五菱,灰,2015-04-17 11:30:35,kk393048,,112.376131_22.677720
247672,粤HVTL1W,警用汽车,红黑字,斯卡达,红,2016-02-21 04:49:48,kk587717,,113.810566_23.545483
135118,粤C2O3GB,小型汽车,红黑字,起亚,黑,2017-12-08 18:11:11,kk854353,,114.470185_25.359077
397110,粤C32401,小型汽车,蓝底白字,斯卡达,红,2015-04-01 09:11:23,kk970683,,116.894439_25.284242
804506,粤B3BSF1,警用汽车,黑底白字,五菱,灰,2015-10-01 02:29:00,kk825302,,115.842828_22.650950
150812,粤B4X0U2,小型汽车,黑底白字,丰田,蓝,2016-03-09 12:17:44,kk633789,,115.629921_25.531794
964298,粤CUT1L1,大型汽车,黑底白字,丰田,红,2016-10-26 13:36:09,kk424328,,113.125084_23.139428
452693,粤HU0O21,大型汽车,红黑字,丰田,灰,2015-08-09 16:23:46,kk336816,,111.807370_23.394852
185129,粤FW3Y02,大型汽车,红黑字,五菱,蓝,2016-04-18 14:09:52,kk678849,,111.756892_23.340259
220090,粤HM1EQB,大型汽车,黄底黑字,丰田,灰,2017-06-19 12:49:05,kk612629,,111.920439_23.853168
873509,粤AA3DCT,小型汽车,蓝底白字,起亚,蓝,2015-12-15 19:18:48,kk808780,,114.899311_25.432286
87719,粤C04O1S,教练车,蓝底白字,本田,红,2015-10-23 09:47:42,kk396178,,112.665255_24.349753
409844,粤EI1M13,教练车,黑底白字,大众,红,2015-10-05 17:19:32,kk61372,,113.255352_24.379873
917308,粤CJ3Y13,教练车,黑底白字,大众,红,2017-08-26 06:31:36,kk206778,,111.888573_24.497711
38475,粤H4EU1Q,教练车,红黑字,本田,白,2016-05-03 09:35:31,kk663789,,113.402492_22.755804
108077,粤HL04HV,小型汽车,红黑字,丰田,蓝,2015-09-09 01:55:12,kk575083,,112.241285_24.907125
669885,粤H1XP10,大型汽车,黑底白字,本田,黑,2015-11-04 15:06:43,kk709828,,113.394479_24.693158
993219,粤FHJ4HS,小型汽车,黑底白字,起亚,红,2016-12-27 08:46:16,kk656156,,115.894339_23.739180
5237,粤B2310S,教练车,黑底白字,五菱,蓝,2016-03-03 20:24:51,kk47185,,113.588901_23.926512
857526,粤D1PQG0,警用汽车,黄底黑字,本田,白,2016-09-03 17:41:52,kk220034,,116.079005_23.331835
643393,粤ANXO02,小型汽车,黑底白字,本田,灰,2016-03-14 22:49:14,kk481684,,115.887578_25.548131
361339,粤E2I13I,警用汽车,蓝底白字,大众,白,2017-06-23 12:58:00,kk461216,,116.390129_24.112010
80568,粤CT2ZN4,大型汽车,蓝底白字,五菱,灰,2015-02-19 02:11:52,kk864861,,113.449286_25.252588
405956,粤F41K4A,小型汽车,黑底白字,起亚,黑,2016-11-01 15:26:14,kk318453,,115.489156_22.623219
762789,粤AK413S,教练车,黄底黑字,丰田,黑,2016-09-25 10:32:53,kk881318,,115.882774_23.067166
725663,粤C313UN,小型汽车,黄底黑字,五菱,蓝,2017-07-19 17:27:45,kk246262,,114.803220_25.265555
601291,粤D4CCBM,大型汽车,蓝底白字,斯卡达,蓝,2017-07-24 08:59:21,kk602254,,114.234746_23.743960
741557,粤HC31FD,警用汽车,蓝底白字,丰田,灰,2016-11-19 05:10:29,kk629573,,113.514773_24.318187
611039,粤C24ULX,小型汽车,红黑字,丰田,黑,2015-06-18 03:34:45,kk121572,,116.677753_24.572805
462285,粤CKBXKN,小型汽车,黑底白字,大众,灰,2015-06-01 21:40:11,kk282906,,115.856447_24.079516
582499,粤CANB03,警用汽车,黄底黑字,大众,黑,2016-09-08 06:11:17,kk840976,,114.783185_25.008629
466897,粤C3AV0K,大型汽车,黑底白字,本田,白,2016-09-02 10:29:38,kk725486,,112.043639_23.333732
946836,粤E342S3,大型汽车,黄底黑字,本田,蓝,2016-04-03 03:28:59,kk220461,,114.246283_24.490427
254928,粤HXO0NN,大型汽车,黑底白字,丰田,灰,2015-10-26 20:34:11,kk173705,,114.136857_25.535385
244689,粤CM013I,大型汽车,黑底白字,丰田,黑,2016-07-01 08:52:28,kk60601,,116.606033_23.412188
498901,粤H310YA,小型汽车,红黑字,起亚,蓝,2015-02-03 11:12:28,kk442340,,116.345414_23.282110
858678,粤FP4R0V,大型汽车,红黑字,五菱,灰,2016-11-05 11:31:29,kk633042,,111.777762_25.015159
984378,粤B01VU1,教练车,蓝底白字,大众,红,2016-10-28 18:55:29,kk195929,,111.417889_23.982530
919798,粤EM2312,教练车,黑底白字,本田,黑,2015-09-15 07:07:20,kk225611,,113.077545_24.759317
272740,粤F30YL2,教练车,蓝底白字,丰田,灰,2017-02-06 13:40:25,kk241705,,112.603996_22.928075
547861,粤AJYI0B,大型汽车,黑底白字,本田,白,2017-11-06 20:05:26,kk918435,,113.876408_25.304845
371827,粤D2G3ZO,小型汽车,红黑字,大众,黑,2015-04-27 06:45:16,kk805509,,114.381672_25.057650
836142,粤C34A10,警用汽车,红黑字,斯卡达,白,2015-08-21 00:30:16,kk657495,,113.080076_23.300068
949625,粤FXBIPD,小型汽车,黑底白字,丰田,蓝,2016-02-25 02:51:56,kk982079,,116.189901_23.118794
240374,粤DTX2OO,小型汽车,红黑字,起亚,黑,2016-02-10 20:54:58,kk942001,,115.229896_25.539921
876120,粤BR0122,教练车,红黑字,本田,红,2016-12-18 08:56:35,kk801121,,115.703423_23.050179
282269,粤BZHY3C,小型汽车,黑底白字,大众,蓝,2015-07-14 15:02:49,kk692008,,113.208371_24.247856
128509,粤GZBS43,教练车,黑底白字,起亚,红,2015-10-08 07:16:31,kk600568,,115.916802_22.794214
727700,粤CJ3JWG,警用汽车,蓝底白字,起亚,灰,2016-05-27 11:13:35,kk112679,,116.329065_23.427217
344904,粤ATK331,教练车,红黑字,五菱,黑,2017-03-29 21:19:56,kk648442,,114.775252_24.900549
649714,粤F0C01W,教练车,黑底白字,起亚,白,2016-03-26 20:39:28,kk621585,,116.277677_23.611980
561690,粤BF0112,小型汽车,红黑字,大众,白,2017-08-04 13:16:51,kk204708,,112.733810_23.511175
36526,粤A0A020,小型汽车,黑底白字,起亚,黑,2015-08-03 15:51:44,kk155478,,115.885304_22.580934
919694,粤C4OTH1,小型汽车,黑底白字,丰田,白,2017-05-03 18:59:16,kk464551,,115.868133_23.664924
854656,粤DS3222,教练车,黑底白字,斯卡达,红,2017-11-11 22:45:15,kk422908,,116.162667_24.572641
374327,粤CD4K13,小型汽车,蓝底白字,斯卡达,红,2015-11-11 19:01:41,kk74450,,113.641197_23.047978
727355,粤CU1CNY,小型汽车,红黑字,五菱,白,2017-05-01 16:31:18,kk919122,,112.527200_24.378340
694838,粤FZNC3I,小型汽车,黄底黑字,本田,蓝,2016-06-06 08:46:25,kk162492,,112.617928_24.592261
638491,粤A3441M,警用汽车,蓝底白字,五菱,灰,2015-10-17 05:53:08,kk769632,,117.092321_23.129434
287860,粤EZP00T,大型汽车,黄底黑字,丰田,蓝,2015-09-05 21:59:30,kk74299,,113.411141_23.502157
322031,粤HI410G,教练车,黑底白字,起亚,灰,2016-08-06 05:00:45,kk718858,,112.814517_22.723446
630385,粤BJ1BTR,教练车,黑底白字,本田,白,2016-02-04 03:28:28,kk255995,,115.112788_23.657579
247302,粤HS2KB3,大型汽车,黑底白字,丰田,红,2017-02-27 17:42:01,kk830269,,113.351693_24.312865
347332,粤HL10D2,大型汽车,黑底白字,本田,黑,2017-07-26 21:39:13,kk975613,,114.466918_25.478990
360161,粤EWMONV,教练车,黄底黑字,本田,红,2017-04-08 18:31:21,kk714410,,112.987871_24.141671
218866,粤DUS330,大型汽车,黑底白字,本田,白,2015-06-16 11:37:10,kk824346,,115.913185_23.758878
990243,粤G04EW4,大型汽车,红黑字,起亚,红,2016-01-02 21:43:17,kk351226,,115.287499_24.679603
652622,粤C4HUKY,教练车,红黑字,丰田,红,2017-09-27 16:24:34,kk189052,,116.795333_24.814264
584450,粤D024W0,警用汽车,黑底白字,五菱,黑,2016-11-22 03:42:41,kk823102,,116.655368_22.946751
405983,粤EH0442,小型汽车,黑底白字,起亚,红,2016-07-25 14:26:04,kk137418,,116.445101_24.298419
176819,粤EUXIX2,大型汽车,蓝底白字,斯卡达,红,2016-01-11 11:35:55,kk524999,,112.024856_25.370765
593585,粤HM1021,小型汽车,黑底白字,本田,蓝,2017-07-08 14:23:59,kk407188,,116.397946_25.285115
754943,粤B1A24R,小型汽车,黑底白字,五菱,红,2015-04-08 03:07:44,kk668127,,114.367091_22.666766
265192,粤G10YP0,警用汽车,蓝底白字,丰田,蓝,2015-06-21 13:48:20,kk440861,,116.021561_24.509766
933087,粤AR4043,小型汽车,黄底黑字,起亚,灰,2015-03-21 01:58:28,kk143524,,116.031442_23.412872
89095,粤GGX3CB,教练车,红黑字,斯卡达,黑,2016-04-22 00:35:38,kk657270,,115.243048_23.957797
592168,粤ARIA21,小型汽车,蓝底白字,丰田,白,2017-02-26 11:56:49,kk61978,,116.898329_24.501350
926207,粤GTULZE,警用汽车,红黑字,五菱,蓝,2016-02-05 06:56:51,kk401442,,113.845902_24.087065
396747,粤FEJK4C,警用汽车,蓝底白字,丰田,黑,2016-12-27 16:19:47,kk536682,,114.773142_24.612629
329993,粤CT3231,大型汽车,红黑字,丰田,红,2016-08-26 03:38:44,kk264147,,116.060710_24.482456
349189,粤F0V013,大型汽车,红黑字,斯卡达,灰,2015-09-22 00:22:47,kk525030,,114.877084_23.171481
257401,粤DY2GG3,教练车,黑底白字,大众,灰,2015-10-30 08:50:31,kk712546,,115.110881_22.611426
791153,粤DW42CT,教练车,黄底黑字,大众,红,2016-07-26 12:24:49,kk795966,,116.064979_22.735442
525948,粤C0VMK1,大型汽车,黄底黑字,丰田,白,2017-11-11 01:58:50,kk223341,,116.790726_23.024824
512564,粤GDKLOE,警用汽车,蓝底白字,本田,灰,2017-03-10 14:02:22,kk339285,,115.816042_23.615660
802116,粤DW1X3Y,小型汽车,黑底白字,丰田,灰,2016-04-14 22:36:11,kk359831,,114.535942_25.248729
878221,粤F00WW4,小型汽车,红黑字,五菱,红,2017-08-22 20:09:54,kk783299,,112.361396_24.195639
156216,粤G3P2FY,小型汽车,红黑字,丰田,灰,2015-03-09 10:47:23,kk484285,,113.569346_25.134665
132208,粤A2023Y,小型汽车,黑底白字,丰田,红,2017-09-30 10:23:03,kk637268,,113.412738_23.222402
468877,粤G113HE,警用汽车,黑底白字,大众,灰,2015-12-27 15:44:46,kk47037,,113.619975_23.326667
290248,粤E4NPNE,教练车,蓝底白字,本田,红,2015-03-01 14:09:41,kk425009,,115.046093_24.081748
224311,粤CFWJT4,小型汽车,黄底黑字,本田,黑,2015-02-11 09:39:33,kk643709,,115.216760_23.292200
280168,粤HM3034,教练车,黑底白字,本田,蓝,2017-05-06 00:21:16,kk26081,,116.482407_23.878307
475518,粤F24X2A,教练车,蓝底白字,斯卡达,黑,2016-09-25 11:18:57,kk281961,,115.332233_23.039492
240634,粤DZC1D3,小型汽车,黑底白字,五菱,黑,2016-01-11 13:05:09,kk790962,,113.585156_24.703748
16582,粤HLMD0N,警用汽车,蓝底白字,五菱,白,2015-12-21 09:45:53,kk549191,,112.948009_23.329680
138295,粤BZNG4E,教练车,黑底白字,本田,红,2015-03-07 16:09:27,kk246614,,116.082963_24.501119
47210,粤AVU01T,大型汽车,红黑字,斯卡达,白,2016-08-29 16:10:39,kk622573,,116.975163_25.114124
113516,粤D3113Q,大型汽车,黄底黑字,大众,蓝,2015-02-01 06:22:24,kk458850,,116.527597_23.413786
864691,粤ATH200,大型汽车,黑底白字,五菱,白,2016-05-28 21:44:16,kk312854,,114.900014_25.551488
214832,粤H41JB1,大型汽车,红黑字,丰田,蓝,2017-11-22 22:59:45,kk367909,,112.272650_25.449967
368394,粤HF1CWH,小型汽车,黑底白字,本田,黑,2016-11-18 14:58:19,kk583302,,116.028966_22.706621
432301,粤C10104,大型汽车,黄底黑字,大众,黑,2016-02-17 16:52:26,kk663636,,111.445249_25.010454
412004,粤HSLN43,警用汽车,红黑字,起亚,黑,2016-09-16 07:17:20,kk235228,,112.186307_24.832030
189898,粤CO021F,大型汽车,红黑字,本田,蓝,2016-04-26 17:25:11,kk16687,,114.603401_25.379519
288620,粤H340UI,警用汽车,红黑字,起亚,蓝,2016-11-13 09:39:59,kk701472,,114.168080_25.003362
707109,粤FGI014,小型汽车,黑底白字,本田,白,2016-07-07 14:26:54,kk732154,,112.644011_23.416541
883885,粤D10O10,警用汽车,蓝底白字,五菱,白,2017-12-24 14:16:58,kk139266,,115.691819_25.206847
889888,粤AH4A41,教练车,黄底黑字,起亚,红,2017-03-02 11:02:56,kk142023,,113.387942_23.991858
282301,粤C01HZX,教练车,黑底白字,大众,白,2017-01-05 18:13:24,kk263891,,116.487601_24.309246
661123,粤H1D432,大型汽车,黄底黑字,大众,红,2015-05-30 22:23:21,kk302867,,115.966588_22.889009
861893,粤GU0W4P,教练车,黑底白字,本田,黑,2017-02-01 13:27:42,kk614511,,112.547507_22.616037
890776,粤HQRF4U,警用汽车,黑底白字,五菱,蓝,2016-03-30 16:10:40,kk815183,,113.561530_23.211729
162361,粤F2L2NF,警用汽车,蓝底白字,五菱,灰,2017-12-28 15:06:34,kk193608,,117.053769_24.717405
335845,粤FD3000,大型汽车,黑底白字,丰田,白,2015-07-21 03:58:21,kk830780,,111.746926_25.512713
61894,粤DKDQ14,大型汽车,红黑字,五菱,黑,2017-12-01 07:16:24,kk671425,,117.040746_23.069025
250318,粤EXP02N,警用汽车,蓝底白字,五菱,白,2016-11-29 19:43:22,kk564616,,115.621720_25.290322
47796,粤BNDF02,教练车,黑底白字,丰田,白,2017-07-18 17:24:17,kk596810,,115.207960_23.235141
575254,粤A10RYP,小型汽车,蓝底白字,起亚,蓝,2015-04-18 05:10:24,kk877508,,111.486878_25.339267
616071,粤A4IG2J,警用汽车,黑底白字,斯卡达,白,2017-09-06 08:27:14,kk305876,,111.585934_22.982192
869171,粤B23421,大型汽车,黄底黑字,五菱,蓝,2015-11-29 09:18:06,kk746099,,111.771337_23.352945
85141,粤AOBUGQ,小型汽车,蓝底白字,本田,蓝,2017-01-01 10:05:59,kk469889,,112.270825_22.594032
388876,粤EIPR40,小型汽车,蓝底白字,大众,白,2016-06-08 03:18:46,kk686505,,114.205978_22.624873
358841,粤D111PJ,小型汽车,黄底黑字,斯卡达,蓝,2016-05-10 03:58:43,kk473774,,111.750490_24.937843
980912,粤GA04Y0,大型汽车,黄底黑字,五菱,红,2015-03-14 21:21:00,kk448044,,112.074485_24.752041
423843,粤FH4ZX1,教练车,红黑字,起亚,蓝,2016-03-28 21:17:10,kk66660,,115.304215_23.423872
693759,粤E32F13,教练车,红黑字,大众,灰,2015-07-20 18:49:13,kk543445,,116.133092_23.785151
616684,粤H14NFH,教练车,黄底黑字,大众,红,2017-05-15 07:45:28,kk975867,,115.417142_24.585228
270965,粤C0241H,教练车,红黑字,起亚,黑,2017-08-08 16:04:08,kk431958,,114.728606_25.007832
945536,粤BRK1IH,教练车,蓝底白字,起亚,灰,2016-04-21 21:41:20,kk425733,,115.349314_24.192907
935349,粤D24X2Q,小型汽车,蓝底白字,斯卡达,白,2016-09-16 15:02:14,kk421758,,113.386534_22.582394
1876,粤A3F34J,警用汽车,黑底白字,大众,白,2015-01-18 22:46:57,kk752697,,116.762322_23.993716
124436,粤G0A1U3,教练车,红黑字,斯卡达,灰,2017-09-11 01:21:36,kk608057,,112.273514_23.523491
247230,粤ET1UWX,教练车,蓝底白字,丰田,黑,2016-04-02 12:00:56,kk558043,,114.190081_24.429776
87282,粤D02PE3,大型汽车,红黑字,斯卡达,红,2016-04-25 15:58:39,kk413327,,112.452494_23.834770
710121,粤DNG31W,教练车,黑底白字,本田,黑,2015-11-11 13:25:36,kk89705,,116.925491_25.117217
502849,粤CE3L44,大型汽车,黄底黑字,斯卡达,蓝,2017-01-14 14:40:28,kk546040,,113.003619_22.775027
378400,粤DZ2C1C,小型汽车,黄底黑字,大众,红,2017-10-16 01:42:07,kk794541,,113.745021_23.752810
530073,粤EEGGY1,大型汽车,红黑字,本田,红,2015-11-01 12:06:01,kk444337,,115.880137_24.440073
822100,粤A0X1QE,大型汽车,红黑字,斯卡达,灰,2017-11-07 19:32:27,kk232496,,116.559581_22.803145
949796,粤BSI0J3,教练车,黄底黑字,本田,红,2015-03-13 03:15:48,kk521020,,115.382124_24.429688
831983,粤CEFIV3,教练车,蓝底白字,大众,灰,2015-09-01 03:29:45,kk794033,,112.516775_24.181041
308713,粤GAR40B,警用汽车,蓝底白字,大众,白,2016-02-01 10:58:12,kk776287,,115.775014_24.962491
108921,粤HS3200,大型汽车,黑底白字,本田,蓝,2016-06-27 18:09:37,kk912266,,116.920209_22.758650
225485,粤BFZ23H,小型汽车,蓝底白字,五菱,白,2017-12-25 06:29:52,kk594606,,115.430200_23.887742
289283,粤HWP13W,大型汽车,黑底白字,斯卡达,白,2015-09-01 14:00:28,kk711181,,112.061471_25.262833
269180,粤D4334Z,教练车,红黑字,大众,黑,2017-07-05 10:58:52,kk792144,,115.824509_25.441523
841474,粤A01EQ4,大型汽车,黄底黑字,丰田,白,2017-03-14 09:03:47,kk281369,,114.683875_23.184572
70200,粤AWN00B,警用汽车,黑底白字,丰田,蓝,2016-10-17 07:31:09,kk231145,,114.509562_22.680911
618780,粤B040W3,小型汽车,黑底白字,丰田,白,2016-01-12 19:44:46,kk24656,,112.744099_25.475953
573845,粤DEZ334,警用汽车,蓝底白字,本田,白,2015-05-02 03:04:27,kk567672,,113.730161_24.856314
103693,粤AXN2KM,大型汽车,黑底白字,五菱,灰,2016-10-04 04:52:18,kk759060,,111.228863_24.356407
596668,粤H0UU41,教练车,蓝底白字,大众,灰,2015-10-15 22:33:53,kk949122,,112.688594_24.345526
628846,粤F12CFU,大型汽车,红黑字,五菱,灰,2016-11-30 17:41:23,kk525455,,113.589725_25.414475
95792,粤G0I233,教练车,红黑字,丰田,灰,2016-05-19 22:14:12,kk727904,,112.172030_22.750536
109731,粤D2S30S,小型汽车,黄底黑字,五菱,蓝,2017-02-13 15:53:51,kk287380,,115.645114_22.801130
811325,粤G4D301,警用汽车,红黑字,大众,白,2016-07-02 00:34:01,kk507712,,114.349732_24.234451
74365,粤CNMD1B,大型汽车,黑底白字,本田,黑,2015-10-05 09:32:51,kk965365,,113.268580_25.288176
192043,粤BDB4UT,小型汽车,红黑字,斯卡达,红,2017-08-06 05:37:46,kk88772,,113.875644_24.512687
25029,粤DP0T01,大型汽车,黄底黑字,斯卡达,红,2016-09-10 11:44:24,kk497205,,114.815387_24.451824
764495,粤G241K4,警用汽车,蓝底白字,起亚,红,2015-04-07 11:54:05,kk128491,,113.456472_24.660005
417268,粤DD3UBV,小型汽车,黑底白字,本田,灰,2017-04-27 04:03:09,kk865586,,115.176999_24.208775
355684,粤B0U3OD,教练车,蓝底白字,五菱,黑,2015-12-15 04:38:42,kk583899,,115.591352_24.899073
791298,粤CG443G,教练车,黑底白字,起亚,灰,2017-04-10 06:07:31,kk284446,,114.236454_24.459770
829476,粤CXVX41,大型汽车,黑底白字,本田,灰,2015-06-04 19:36:57,kk252302,,114.757339_23.047525
840961,粤G22I02,小型汽车,黑底白字,起亚,红,2017-05-15 02:48:34,kk985516,,115.880439_22.757865
246906,粤BNHUZ1,小型汽车,蓝底白字,起亚,黑,2015-07-23 17:55:06,kk976541,,115.795901_25.109541
455413,粤E33HP2,大型汽车,黄底黑字,斯卡达,红,2016-11-30 13:06:16,kk296407,,116.291945_23.922739
610524,粤G01H23,教练车,红黑字,本田,蓝,2016-09-10 04:59:04,kk331276,,116.877706_25.419914
18670,粤EAB1ZZ,教练车,黑底白字,五菱,红,2017-02-29 12:34:59,kk951684,,115.424137_24.351943
602946,粤A032XX,大型汽车,蓝底白字,五菱,灰,2015-01-21 13:52:04,kk856689,,115.382486_25.116157
502200,粤D4OO21,大型汽车,黑底白字,斯卡达,灰,2016-03-06 07:26:50,kk828304,,115.949868_25.229682
979756,粤H14T04,大型汽车,蓝底白字,丰田,黑,2015-05-21 14:34:55,kk156016,,113.576788_23.923633
135686,粤D4LMDD,小型汽车,红黑字,丰田,红,2016-02-13 01:22:16,kk546846,,116.929774_24.940481
526933,粤G024RC,大型汽车,黄底黑字,大众,灰,2017-09-22 03:48:48,kk423326,,114.301246_22.637038
691142,粤EB4SF0,警用汽车,黄底黑字,五菱,灰,2017-12-27 21:08:20,kk629931,,116.846779_25.455089
742943,粤G0ULX3,小型汽车,黑底白字,大众,红,2017-04-12 11:48:54,kk217927,,116.131766_23.603560
665521,粤AEC30Y,警用汽车,蓝底白字,丰田,灰,2017-11-11 15:28:21,kk159232,,112.516205_25.418953
655650,粤EPU30Q,大型汽车,黄底黑字,起亚,白,2016-05-14 18:20:04,kk551840,,113.036086_23.239931
896981,粤FH20I0,小型汽车,蓝底白字,五菱,黑,2017-01-19 08:08:17,kk122493,,111.481270_24.246546
434226,粤H224WX,教练车,蓝底白字,丰田,红,2016-11-29 18:18:01,kk606710,,116.876012_24.250072
399965,粤BO2QN2,教练车,蓝底白字,五菱,黑,2015-06-17 22:25:39,kk891952,,111.821563_23.405702
706186,粤EL2PEG,教练车,黑底白字,五菱,蓝,2015-06-18 19:45:50,kk646595,,115.955869_24.203878
454236,粤G0J1Z0,小型汽车,红黑字,本田,黑,2015-11-06 06:28:38,kk525583,,111.413750_23.782489
739728,粤E04A41,大型汽车,黄底黑字,五菱,红,2017-11-01 12:44:14,kk943009,,115.331957_24.587400
233055,粤A13L3J,大型汽车,蓝底白字,斯卡达,白,2016-08-06 04:07:35,kk832557,,115.381917_24.744040
901513,粤A340U1,小型汽车,红黑字,本田,红,2015-10-22 03:52:32,kk778653,,115.806226_24.459288
505618,粤FLV0C1,大型汽车,红黑字,斯卡达,白,2016-04-01 01:22:36,kk394328,,111.955905_25.284760
50072,粤D23GT3,教练车,红黑字,大众,蓝,2016-01-01 03:39:37,kk846214,,115.117693_23.390486
198945,粤D1B4A4,警用汽车,黑底白字,斯卡达,红,2015-07-04 12:31:00,kk982759,,112.839522_25.398973
774954,粤A3S30N,小型汽车,蓝底白字,五菱,灰,2017-12-03 05:42:18,kk608661,,115.619305_23.234774
854355,粤ETL1L4,教练车,黄底黑字,大众,黑,2017-12-01 01:19:17,kk66682,,112.790369_23.580831
641813,粤F31SF1,教练车,黑底白字,大众,灰,2015-06-22 17:44:19,kk437425,,112.361071_25.004697
263686,粤A01314,教练车,黄底黑字,五菱,黑,2015-08-13 06:21:15,kk348306,,114.866554_25.038101
853562,粤C10EE3,教练车,蓝底白字,五菱,灰,2017-09-18 18:23:25,kk594887,,113.992355_23.854258
820429,粤BN1KK3,教练车,红黑字,丰田,蓝,2015-09-14 18:49:15,kk520879,,114.547583_25.128424
987766,粤FAU4WK,警用汽车,蓝底白字,斯卡达,黑,2016-05-10 01:39:28,kk377564,,114.126833_23.855652
370911,粤G2MYLF,大型汽车,黑底白字,丰田,灰,2017-02-16 09:17:49,kk689008,,115.135578_22.966081
720414,粤FD1034,警用汽车,黑底白字,大众,红,2016-07-20 14:59:33,kk986412,,115.936390_23.251099
600708,粤F24V1A,教练车,黑底白字,大众,灰,2017-07-11 05:03:37,kk143042,,112.073583_25.223262
696250,粤CREH00,警用汽车,黑底白字,五菱,红,2016-03-22 08:28:44,kk940648,,112.807655_23.259231
241422,粤A0QC21,教练车,黄底黑字,斯卡达,黑,2016-10-08 12:47:02,kk428928,,115.625144_24.815121
955795,粤CVIK04,小型汽车,蓝底白字,丰田,红,2017-04-25 16:13:10,kk101487,,113.017611_24.570906
632994,粤ELDR10,小型汽车,黄底黑字,五菱,黑,2017-01-06 01:56:04,kk904946,,116.970320_23.617895
579232,粤GHZ240,警用汽车,黑底白字,丰田,黑,2017-09-03 05:28:16,kk622223,,114.223947_24.252500
426695,粤D0K13V,小型汽车,黑底白字,斯卡达,白,2017-07-04 20:45:57,kk226723,,111.591759_22.619840
457303,粤E01PE1,警用汽车,黄底黑字,斯卡达,红,2017-04-28 03:05:56,kk391035,,112.764633_23.532424
463972,粤BTM11V,小型汽车,蓝底白字,五菱,蓝,2016-05-02 08:15:42,kk451942,,111.663701_23.241515
349377,粤FYX42H,教练车,蓝底白字,丰田,蓝,2015-08-30 10:54:38,kk782943,,115.763629_24.806959
116277,粤F4Q2W4,教练车,红黑字,五菱,黑,2017-02-30 08:32:37,kk706144,,116.181270_24.514703
638849,粤F42SH4,教练车,黄底黑字,起亚,黑,2016-10-05 14:21:05,kk787314,,113.672746_23.856585
621066,粤AL1GW1,警用汽车,红黑字,斯卡达,蓝,2015-10-12 15:37:07,kk601034,,115.679171_25.474579
446010,粤AY133S,警用汽车,红黑字,丰田,蓝,2017-05-28 16:50:51,kk827315,,114.534953_24.939492
199097,粤AU0CM2,教练车,黄底黑字,五菱,白,2015-09-27 03:43:15,kk846692,,115.086987_24.928738
8573,粤AOD403,大型汽车,黑底白字,斯卡达,白,2016-03-28 20:30:00,kk837740,,111.702202_23.463893
988204,粤CG31WJ,小型汽车,红黑字,大众,蓝,2015-09-12 00:08:07,kk749109,,112.357859_23.473088
489977,粤AXQ0IX,大型汽车,红黑字,大众,黑,2015-08-22 15:39:18,kk417595,,112.950734_24.267252
78686,粤DG0MN1,大型汽车,蓝底白字,五菱,蓝,2015-04-25 15:55:19,kk534429,,114.162570_24.402836
625659,粤FE1F1D,警用汽车,蓝底白字,五菱,白,2017-08-28 09:41:39,kk123863,,111.612822_23.760502
185485,粤DUJ31P,小型汽车,蓝底白字,本田,黑,2017-12-17 18:45:51,kk691332,,111.475987_24.934748
867419,粤C210VD,教练车,红黑字,五菱,红,2017-01-07 10:21:02,kk222845,,112.858114_25.460242
742293,粤E3SU3Y,小型汽车,蓝底白字,本田,红,2016-05-07 04:52:34,kk772944,,117.081651_22.791409
936061,粤EK20H4,教练车,蓝底白字,五菱,蓝,2017-02-21 22:18:35,kk465494,,116.477261_24.641305
452756,粤E3Q01I,小型汽车,黄底黑字,五菱,黑,2015-02-27 17:30:51,kk349689,,113.772340_25.079045
942447,粤DZB0J0,小型汽车,黑底白字,本田,黑,2017-11-09 10:51:24,kk703137,,113.023681_24.158364
583920,粤B401TH,教练车,黑底白字,丰田,黑,2017-12-18 17:48:25,kk54483,,113.017227_23.220085
487130,粤F21140,小型汽车,蓝底白字,大众,灰,2017-11-19 14:30:42,kk409998,,116.106680_24.643308
537092,粤E124RT,警用汽车,黑底白字,斯卡达,蓝,2016-12-23 16:45:15,kk911690,,116.596141_24.017867
398723,粤D424B1,大型汽车,黄底黑字,丰田,黑,2015-08-12 02:51:38,kk428927,,112.935891_22.724568
481251,粤D4EUU3,大型汽车,黑底白字,五菱,白,2015-12-24 06:54:22,kk391224,,112.846361_24.376426
21152,粤G444FS,警用汽车,红黑字,斯卡达,白,2015-12-11 21:57:31,kk506739,,112.894351_24.754418
84186,粤B3VMK2,小型汽车,蓝底白字,斯卡达,白,2015-09-13 18:12:13,kk879228,,116.245856_24.237387
209956,粤A0U333,大型汽车,黑底白字,斯卡达,蓝,2016-11-23 15:31:58,kk435574,,114.038926_24.482999
626499,粤C2HY2G,大型汽车,蓝底白字,起亚,白,2017-11-17 04:36:09,kk506715,,112.439647_23.556694
447792,粤BNBV40,教练车,红黑字,本田,白,2016-06-07 19:19:45,kk866677,,116.952029_25.413586
33643,粤HH001J,教练车,黄底黑字,大众,黑,2016-06-18 14:01:29,kk527593,,115.884813_24.634744
739292,粤E10040,警用汽车,蓝底白字,大众,灰,2015-05-14 08:31:16,kk113016,,115.435996_24.885643
611148,粤DE4303,大型汽车,黑底白字,五菱,白,2015-03-27 14:07:03,kk687469,,116.323843_22.994304
195441,粤C02ASQ,大型汽车,红黑字,五菱,灰,2017-03-26 11:13:30,kk507127,,113.501044_24.176626
518179,粤HH444N,小型汽车,黑底白字,起亚,红,2017-03-06 03:48:43,kk274646,,112.375977_24.563326
467618,粤G3RH14,教练车,蓝底白字,大众,灰,2015-02-12 22:17:30,kk130611,,112.947997_25.020243
264608,粤E2P324,小型汽车,黑底白字,本田,红,2017-08-05 12:45:39,kk794712,,112.124983_23.026446
441471,粤E01N4S,教练车,红黑字,丰田,灰,2015-08-17 08:18:17,kk981674,,112.110802_24.511785
766726,粤HU1O22,小型汽车,蓝底白字,起亚,蓝,2015-11-24 13:42:49,kk460141,,112.389256_24.432854
850770,粤AGHZ3R,教练车,黑底白字,斯卡达,红,2016-05-25 22:48:38,kk897125,,116.337348_24.108309
746777,粤EYRU2K,教练车,黑底白字,斯卡达,灰,2017-09-04 19:24:53,kk936288,,111.308588_24.521882
721399,粤CKLF3U,警用汽车,红黑字,起亚,灰,2017-04-14 08:23:20,kk795239,,114.876650_24.332869
511452,粤AB0013,小型汽车,黄底黑字,起亚,黑,2015-01-11 19:19:09,kk35214,,115.580098_24.359125
805648,粤HMGJ12,教练车,红黑字,大众,红,2015-11-11 01:25:03,kk55881,,116.571802_25.375200
394507,粤F0X34Q,大型汽车,黑底白字,五菱,红,2016-11-02 10:27:49,kk298720,,117.004637_24.126360
416950,粤GPJK3B,警用汽车,黑底白字,五菱,灰,2015-01-22 15:18:02,kk104309,,113.129787_24.631307
398670,粤H0102W,教练车,黄底黑字,五菱,黑,2016-03-22 16:51:17,kk662020,,115.192763_25.348029
325235,粤F1IJA2,教练车,黄底黑字,起亚,灰,2016-09-27 21:47:06,kk515060,,112.720950_23.900032
821971,粤FWZE3I,警用汽车,蓝底白字,斯卡达,红,2016-09-04 13:55:52,kk639433,,116.662137_24.748675
623036,粤DJL02T,教练车,黄底黑字,丰田,灰,2017-09-15 10:50:18,kk202316,,115.641190_23.825243
903674,粤CN3ER4,教练车,红黑字,五菱,红,2016-05-11 01:56:34,kk723530,,113.126321_25.539497
722527,粤GW0422,小型汽车,黄底黑字,斯卡达,灰,2017-10-09 17:04:08,kk513167,,112.588418_22.786326
774950,粤E241DF,大型汽车,黑底白字,五菱,蓝,2016-12-20 02:08:29,kk939120,,114.343101_23.915688
893632,粤AWLY3X,教练车,黄底黑字,本田,灰,2016-06-14 10:32:17,kk290176,,116.498657_23.238368
249462,粤COC21I,警用汽车,红黑字,起亚,白,2017-09-09 02:25:00,kk743485,,116.881750_24.965177
3366,粤AZAC03,教练车,蓝底白字,本田,蓝,2015-10-20 01:38:45,kk219642,,115.965669_25.333018
239009,粤F3G1K0,警用汽车,黄底黑字,斯卡达,红,2016-10-14 20:59:32,kk714280,,116.758980_23.347448
366566,粤F3D4S1,小型汽车,红黑字,起亚,白,2015-08-20 16:57:22,kk31984,,112.249641_24.275241
829380,粤CBT1U2,教练车,蓝底白字,丰田,黑,2017-05-04 19:59:17,kk716499,,115.428181_25.366050
868173,粤DN02W1,大型汽车,蓝底白字,起亚,蓝,2015-04-23 01:52:32,kk370635,,113.089012_22.639132
301595,粤HIA0F0,大型汽车,黄底黑字,斯卡达,灰,2015-05-06 14:13:06,kk489902,,111.555070_25.370479
767208,粤HVL02Z,教练车,红黑字,本田,蓝,2016-07-30 16:45:51,kk395865,,112.032568_24.767423
633662,粤D1ZQDF,大型汽车,黑底白字,五菱,灰,2017-05-16 08:42:48,kk848332,,113.961328_23.575105
842605,粤A4L0OG,大型汽车,红黑字,丰田,红,2015-06-04 06:12:34,kk439935,,113.109641_22.982964
268031,粤DX4X14,小型汽车,蓝底白字,大众,白,2017-02-16 07:12:48,kk932307,,111.892020_23.643565
791071,粤CP2HB0,教练车,黄底黑字,丰田,蓝,2017-11-02 18:05:15,kk279981,,114.038943_24.954495
179882,粤HI40J2,小型汽车,黄底黑字,本田,灰,2017-12-06 14:31:58,kk206304,,112.037487_23.877821
37097,粤CMAU24,警用汽车,黑底白字,本田,白,2016-07-24 22:01:59,kk845054,,116.679736_22.819714
531420,粤FSQ41Z,大型汽车,黄底黑字,起亚,红,2015-02-18 08:08:24,kk142146,,116.264248_22.577974
365315,粤B03VAS,教练车,黑底白字,斯卡达,白,2015-11-14 07:59:09,kk423694,,116.431439_23.666692
447313,粤E0WL12,警用汽车,黑底白字,大众,白,2016-03-10 04:45:15,kk779878,,116.904002_23.009574
35325,粤C3D0D0,大型汽车,黑底白字,五菱,灰,2015-05-14 21:59:26,kk688472,,112.627665_25.533108
696456,粤EJFF1R,警用汽车,黑底白字,起亚,蓝,2015-07-13 17:36:30,kk607562,,116.843658_24.162572
289163,粤A41G2H,教练车,蓝底白字,五菱,白,2016-09-02 08:20:53,kk103885,,112.364561_24.142420
315187,粤E3K01U,小型汽车,蓝底白字,五菱,蓝,2017-12-18 18:52:26,kk451388,,112.053159_23.100051
411570,粤A13OZO,大型汽车,蓝底白字,斯卡达,蓝,2017-06-20 00:16:35,kk534029,,113.532109_22.733591
457138,粤DD2IRI,小型汽车,黄底黑字,五菱,白,2017-10-07 16:01:49,kk317495,,111.919209_25.544975
753209,粤A3Z31T,大型汽车,黑底白字,五菱,蓝,2016-06-29 15:07:43,kk116432,,113.537366_24.067922
4862,粤C3KOX2,警用汽车,蓝底白字,起亚,灰,2015-05-06 08:17:01,kk376934,,114.287914_23.234055
376988,粤FZT20Y,大型汽车,黑底白字,斯卡达,黑,2015-03-11 12:20:03,kk718483,,114.678500_23.310515
728394,粤B1B33Q,大型汽车,红黑字,五菱,红,2016-08-10 16:40:09,kk535152,,113.546422_22.884136
237651,粤CCT21H,大型汽车,蓝底白字,起亚,黑,2017-01-22 04:04:12,kk542838,,116.381253_24.221026
25905,粤HWKDHY,教练车,红黑字,本田,红,2015-05-10 19:08:40,kk277425,,114.923890_24.010654
54787,粤B234Q1,警用汽车,红黑字,本田,红,2015-01-23 09:07:53,kk698220,,115.610094_24.102769
531609,粤GR03UH,小型汽车,红黑字,本田,白,2016-06-01 00:28:24,kk731632,,111.901308_22.969231
289418,粤DT3J03,大型汽车,黑底白字,斯卡达,黑,2017-12-30 02:39:46,kk802024,,114.551592_24.326777
126067,粤H2B1C1,警用汽车,蓝底白字,本田,红,2016-11-05 01:32:27,kk139784,,115.427148_22.677649
884313,粤E4OGHF,大型汽车,红黑字,五菱,灰,2015-09-12 08:42:24,kk931120,,112.452790_25.333660
134059,粤AW13U0,教练车,红黑字,起亚,白,2015-05-28 21:57:06,kk179708,,111.855309_25.233169
678204,粤AT02B2,小型汽车,蓝底白字,本田,白,2015-10-03 02:40:18,kk487272,,113.293728_25.558220
745171,粤GKL03S,警用汽车,蓝底白字,丰田,灰,2016-04-17 21:55:37,kk828303,,112.351440_24.254123
654034,粤AK3VT1,警用汽车,红黑字,本田,黑,2017-12-26 22:41:53,kk793577,,111.367083_23.541045
942254,粤D4UHJK,大型汽车,红黑字,大众,黑,2015-01-08 09:54:33,kk707759,,114.406797_23.491347
431415,粤F3K022,教练车,红黑字,大众,红,2016-03-20 21:17:39,kk488323,,113.101732_23.238795
472913,粤A4004Q,大型汽车,黄底黑字,起亚,灰,2017-04-05 09:19:32,kk106161,,111.548015_25.289909
663441,粤A0U10T,警用汽车,黑底白字,起亚,白,2015-12-13 15:35:45,kk32683,,112.773759_25.353846
649184,粤A1MM1E,教练车,红黑字,斯卡达,蓝,2016-03-21 22:33:27,kk113869,,117.018238_22.921031
248014,粤E0UBSU,警用汽车,黑底白字,起亚,白,2017-09-18 07:40:42,kk898639,,113.023313_24.128287
10553,粤AU3333,警用汽车,黄底黑字,丰田,红,2015-09-27 08:13:00,kk567094,,115.370631_22.582335
513846,粤F0IBRU,小型汽车,红黑字,本田,灰,2016-04-16 16:30:42,kk253559,,116.706728_23.815142
135472,粤ESTRIS,小型汽车,蓝底白字,五菱,红,2016-10-19 15:41:04,kk740070,,112.125267_22.950771
791279,粤E33E12,小型汽车,红黑字,本田,蓝,2017-08-21 15:23:03,kk207813,,112.877137_24.013053
136530,粤A024E4,教练车,蓝底白字,五菱,黑,2017-08-04 21:54:01,kk977223,,115.457393_24.427229
28095,粤B2M341,大型汽车,红黑字,起亚,红,2016-10-13 21:16:05,kk941850,,116.711385_25.448988
624435,粤D10IKQ,教练车,黑底白字,丰田,灰,2017-05-30 15:49:02,kk706754,,116.399281_24.359651
360462,粤B1UIY2,教练车,蓝底白字,大众,黑,2015-11-16 08:39:15,kk279137,,111.420577_24.828468
175968,粤DYP42B,大型汽车,黑底白字,五菱,灰,2015-01-13 19:27:43,kk527036,,111.823169_24.042791
799177,粤F2U3QL,大型汽车,蓝底白字,斯卡达,白,2016-09-13 03:33:24,kk521367,,114.870105_24.925139
591051,粤B2SDV4,大型汽车,红黑字,大众,灰,2017-10-22 19:49:29,kk307230,,115.246946_23.214698
441358,粤F0H4JX,大型汽车,黄底黑字,大众,灰,2017-01-21 15:48:30,kk612334,,115.277732_24.044588
474102,粤F20Y3K,教练车,红黑字,斯卡达,白,2015-02-04 08:28:27,kk493531,,113.833112_23.363467
867748,粤DM1NDT,大型汽车,黑底白字,丰田,蓝,2016-05-24 06:25:19,kk946899,,113.525413_24.488031
924826,粤B23333,大型汽车,蓝底白字,斯卡达,黑,2015-03-13 04:42:06,kk62444,,115.074297_23.038670
635780,粤G4M0DT,小型汽车,黄底黑字,五菱,蓝,2015-06-17 11:10:28,kk391433,,114.198238_22.655896
373596,粤H3X122,警用汽车,蓝底白字,五菱,蓝,2017-09-28 00:40:17,kk812507,,114.171392_24.986152
28559,粤H0T1V0,小型汽车,蓝底白字,五菱,红,2015-01-24 13:09:53,kk332165,,116.282432_24.901542
846582,粤B12P2B,小型汽车,黑底白字,斯卡达,灰,2017-09-01 02:31:02,kk935852,,116.711677_24.846795
469935,粤DSQK33,小型汽车,蓝底白字,本田,白,2016-10-10 07:22:38,kk817813,,114.467769_23.372659
195783,粤EIU0BB,警用汽车,黄底黑字,斯卡达,红,2015-06-04 22:51:11,kk61023,,115.778192_23.660931
265786,粤ERGBB3,大型汽车,黄底黑字,五菱,白,2015-03-20 17:34:37,kk112937,,111.632927_25.281201
79131,粤HJYA2S,大型汽车,红黑字,斯卡达,蓝,2015-06-26 11:53:22,kk208452,,113.668267_23.454955
581715,粤E002JB,警用汽车,黑底白字,本田,白,2017-09-13 05:09:02,kk228393,,114.953621_23.498511
725796,粤D4J0Z4,大型汽车,黄底黑字,起亚,红,2017-12-26 09:58:52,kk350001,,114.010126_22.739079
817272,粤D23TY2,教练车,黑底白字,斯卡达,白,2015-06-28 06:41:34,kk245310,,113.250061_24.339517
771875,粤CZ2R24,小型汽车,红黑字,丰田,黑,2016-12-28 01:00:18,kk513971,,112.254246_23.513099
786889,粤DQ32P2,教练车,黄底黑字,本田,黑,2016-12-01 06:07:36,kk498987,,111.682342_24.917240
701613,粤A00443,教练车,黄底黑字,五菱,黑,2017-09-15 02:16:46,kk626994,,113.997125_23.258002
367670,粤E0F1Y1,大型汽车,黑底白字,起亚,灰,2015-02-04 04:29:30,kk939129,,111.817610_24.539287
679299,粤HJK1DF,教练车,黑底白字,本田,红,2015-10-03 11:22:21,kk534205,,111.369323_22.943548
524197,粤D2A2M4,小型汽车,红黑字,大众,蓝,2017-07-13 04:37:38,kk232807,,116.139592_23.817133
807014,粤H1144S,警用汽车,黑底白字,五菱,灰,2017-02-24 02:01:24,kk889105,,115.070611_23.034770
870500,粤HX3O3S,警用汽车,黄底黑字,斯卡达,黑,2017-09-21 06:21:53,kk426577,,113.149517_22.711357
93374,粤DF014M,警用汽车,黑底白字,五菱,白,2016-01-14 15:06:17,kk854522,,116.006760_25.073749
179362,粤B2V1R1,教练车,黑底白字,大众,红,2016-10-03 02:45:34,kk234131,,113.243108_23.504006
668429,粤A0B4T3,警用汽车,黑底白字,大众,黑,2017-08-26 06:00:24,kk806068,,112.616353_24.273390
499102,粤GK121J,大型汽车,蓝底白字,大众,红,2017-05-03 17:57:34,kk265917,,111.539636_24.508497
29870,粤AEHG3F,警用汽车,黑底白字,五菱,白,2015-12-23 09:29:15,kk479516,,116.347691_24.153375
787998,粤H02CHU,警用汽车,黄底黑字,丰田,蓝,2015-02-07 20:44:32,kk767117,,115.972912_23.962038
355706,粤C23ZYO,教练车,红黑字,丰田,蓝,2017-03-29 10:01:12,kk253478,,114.390040_24.273068
226504,粤F0FF4W,小型汽车,蓝底白字,大众,蓝,2016-05-30 17:00:19,kk680388,,113.858235_24.395588
168568,粤H02ML1,警用汽车,黄底黑字,大众,黑,2015-08-23 09:49:32,kk508818,,112.418792_25.545346
617425,粤BWJ243,大型汽车,蓝底白字,起亚,蓝,2016-12-06 01:45:54,kk99784,,112.283193_25.534103
886780,粤HPPJ2R,警用汽车,红黑字,本田,白,2016-02-06 02:11:37,kk256181,,115.018239_23.619419
534190,粤H21IXM,教练车,红黑字,丰田,红,2015-06-06 14:48:08,kk432257,,116.650470_24.424603
47385,粤A32D0G,小型汽车,黑底白字,斯卡达,白,2015-04-20 12:10:01,kk473065,,116.188110_24.352530
127398,粤HS41DH,警用汽车,红黑字,大众,蓝,2016-07-09 10:28:35,kk833141,,114.595353_24.298570
236246,粤FG13UB,大型汽车,黄底黑字,五菱,灰,2016-08-15 20:16:53,kk841823,,114.581728_23.456128
749779,粤CD24CT,教练车,蓝底白字,五菱,黑,2015-03-09 21:10:06,kk732034,,116.209850_24.525359
10404,粤HRL301,大型汽车,红黑字,大众,蓝,2016-10-27 09:14:25,kk830024,,116.289227_24.697822
809734,粤DL11CO,大型汽车,红黑字,丰田,白,2017-06-22 01:07:24,kk515477,,113.420590_24.555333
347842,粤H30330,小型汽车,黄底黑字,起亚,红,2017-08-23 11:18:48,kk304551,,113.156001_25.290888
513609,粤ESL14D,教练车,红黑字,大众,红,2017-12-27 01:50:14,kk682836,,113.121150_24.673462
409804,粤H0GK22,小型汽车,黑底白字,本田,灰,2017-12-21 20:53:26,kk120872,,114.966456_23.419386
406851,粤F242A2,大型汽车,黑底白字,大众,蓝,2015-12-28 07:56:31,kk41803,,115.791865_25.069913
650839,粤CFUHYI,大型汽车,红黑字,大众,白,2017-09-08 11:53:22,kk378869,,113.890553_22.871527
874222,粤C0F1S0,教练车,黄底黑字,五菱,灰,2016-12-26 16:57:56,kk759907,,114.234760_25.481622
561707,粤E4Q34F,大型汽车,黑底白字,起亚,灰,2017-07-23 05:17:45,kk286635,,115.800511_25.450063
9205,粤G0IKDB,小型汽车,红黑字,丰田,白,2016-08-18 12:25:02,kk338456,,111.521106_25.416515
580331,粤BT232N,大型汽车,黑底白字,五菱,蓝,2017-04-22 11:53:41,kk823658,,113.893220_23.504018
512767,粤F44242,大型汽车,红黑字,起亚,白,2015-01-02 00:30:11,kk825303,,111.338692_22.729766
955919,粤G02C10,警用汽车,黄底黑字,本田,红,2015-11-02 07:05:42,kk644777,,112.568056_23.611943
531645,粤C3FE4I,教练车,黄底黑字,本田,红,2016-06-18 15:43:34,kk832855,,112.417948_24.017568
601439,粤B12YMB,警用汽车,黄底黑字,起亚,蓝,2017-09-30 20:37:45,kk916342,,115.501151_22.574133
596295,粤E343FY,教练车,红黑字,丰田,灰,2015-09-26 02:07:18,kk177722,,116.501307_24.236390
219589,粤H2OP2R,大型汽车,黑底白字,五菱,白,2015-05-15 04:22:44,kk25953,,111.816744_25.043777
68667,粤C00KM4,小型汽车,黄底黑字,丰田,白,2015-08-22 00:39:41,kk208414,,113.409787_24.323278
237417,粤G01VJ1,教练车,黑底白字,五菱,白,2017-08-18 12:06:54,kk357220,,113.508963_25.449382
759971,粤F1D12W,教练车,红黑字,五菱,灰,2015-04-23 00:39:46,kk137498,,114.872414_24.791896
334765,粤CYY1S4,教练车,黄底黑字,五菱,红,2015-06-06 10:06:48,kk570913,,115.106626_24.105144
628571,粤GGWK3E,教练车,黄底黑字,大众,蓝,2017-04-23 11:14:41,kk944611,,114.775499_23.718465
601664,粤GVQH1W,小型汽车,黄底黑字,丰田,蓝,2017-09-18 09:20:56,kk83945,,114.631398_22.584609
718187,粤CY303O,警用汽车,黄底黑字,斯卡达,蓝,2017-07-16 05:20:57,kk666747,,115.622589_24.361312
609864,粤FM0GP2,小型汽车,黄底黑字,斯卡达,蓝,2015-12-10 08:25:59,kk687563,,111.271330_24.903192
746535,粤H0QE2F,教练车,黑底白字,大众,蓝,2017-11-24 18:05:42,kk142213,,113.671909_25.518087
933641,粤A32PJ3,警用汽车,红黑字,起亚,黑,2016-11-03 05:48:15,kk496169,,115.151381_23.966789
4586,粤DHY1Z2,教练车,红黑字,斯卡达,白,2016-04-03 07:17:29,kk524672,,114.416943_25.277132
905039,粤GXY2HS,警用汽车,黄底黑字,丰田,灰,2015-05-13 06:39:38,kk668184,,111.280626_25.244813
476583,粤CDRLJD,教练车,蓝底白字,起亚,黑,2015-10-06 10:18:41,kk133663,,115.306429_24.720837
638703,粤FV441Z,教练车,黄底黑字,大众,灰,2016-12-13 04:55:48,kk590335,,116.726499_22.845622
340983,粤CMZ13V,小型汽车,黑底白字,丰田,黑,2017-01-12 10:48:44,kk458025,,112.559603_24.865799
611463,粤ACQ3YU,大型汽车,黄底黑字,五菱,白,2017-06-02 03:49:13,kk466807,,116.111674_23.303779
262469,粤E402O1,小型汽车,蓝底白字,丰田,蓝,2015-04-04 01:27:39,kk378612,,113.402438_22.830902
331824,粤G30030,警用汽车,黄底黑字,起亚,灰,2015-11-02 16:12:16,kk504630,,112.228737_24.782804
135204,粤AGI3PT,小型汽车,红黑字,起亚,黑,2016-12-10 10:12:10,kk926720,,112.835860_22.941111
884511,粤H13LUZ,警用汽车,红黑字,五菱,黑,2017-02-23 03:46:07,kk136742,,115.373807_24.579847
187463,粤FBI03Y,教练车,黄底黑字,本田,白,2015-05-30 19:19:13,kk144618,,114.006547_25.406994
385238,粤D0B100,小型汽车,红黑字,丰田,红,2017-07-22 09:10:44,kk974097,,115.666573_23.925479
607822,粤AE1NNG,大型汽车,黄底黑字,大众,黑,2017-05-03 16:25:51,kk864607,,112.785740_24.731268
630849,粤AICF02,大型汽车,蓝底白字,起亚,蓝,2015-09-03 18:13:06,kk428265,,113.724861_23.737092
103041,粤F2TM10,教练车,黑底白字,大众,灰,2016-06-14 09:43:21,kk472994,,116.740761_23.833537
479984,粤G24Y42,警用汽车,红黑字,本田,黑,2016-03-17 19:00:39,kk195894,,114.748895_23.670242
47806,粤G3PF43,警用汽车,红黑字,起亚,蓝,2015-03-02 20:49:02,kk975403,,116.142748_22.796043
749437,粤EI20DS,小型汽车,红黑字,本田,灰,2016-06-23 04:28:31,kk46463,,116.953884_22.611019
136487,粤A242A3,小型汽车,黑底白字,大众,白,2015-11-17 20:02:56,kk929818,,115.700789_22.603534
661354,粤AZS3I2,警用汽车,黄底黑字,丰田,灰,2016-02-24 22:40:07,kk604722,,114.922710_25.479463
697067,粤GMEJ34,小型汽车,黑底白字,本田,黑,2016-06-12 21:15:46,kk63774,,112.084389_25.203068
126428,粤GIWOU4,教练车,红黑字,丰田,蓝,2016-07-29 00:20:03,kk69231,,116.235756_23.094890
77396,粤B24RT4,小型汽车,红黑字,五菱,灰,2015-05-12 06:11:09,kk642093,,117.038553_23.915986
398251,粤HC2431,警用汽车,黄底黑字,起亚,黑,2015-08-27 13:30:58,kk58397,,111.976594_23.221617
763925,粤DCK14T,小型汽车,黑底白字,起亚,灰,2016-03-28 12:46:24,kk901578,,114.115366_23.827694
883978,粤C02J23,警用汽车,黄底黑字,丰田,蓝,2017-11-04 01:27:08,kk25426,,114.987189_23.307765
143086,粤E4YPF4,大型汽车,红黑字,大众,红,2016-04-12 17:49:28,kk119069,,116.951561_24.897922
146453,粤AV02L4,小型汽车,红黑字,大众,红,2015-02-24 21:12:45,kk933585,,114.650445_25.458610
65464,粤DA22E4,教练车,红黑字,五菱,灰,2017-03-02 11:54:12,kk129263,,113.447185_23.860650
382965,粤F0W2OG,教练车,红黑字,五菱,黑,2016-07-07 15:20:28,kk133184,,112.427141_24.518570
622918,粤CP4NQW,大型汽车,黄底黑字,大众,蓝,2015-07-20 08:00:44,kk358717,,114.128251_22.966449
915780,粤D340A1,小型汽车,红黑字,丰田,灰,2015-03-26 08:04:04,kk631694,,113.582762_23.462436
798812,粤A1VM30,教练车,黑底白字,丰田,黑,2015-01-29 03:02:24,kk692422,,115.706166_25.398203
479608,粤A3E0IX,教练车,蓝底白字,起亚,红,2015-04-06 01:19:01,kk198384,,111.966812_23.413461
901514,粤A433KB,警用汽车,蓝底白字,五菱,白,2017-01-26 00:21:19,kk739366,,112.219858_24.846225
341170,粤F3MICY,小型汽车,红黑字,起亚,蓝,2015-10-09 20:33:10,kk994917,,112.112072_23.055642
941309,粤G433X4,警用汽车,黄底黑字,五菱,蓝,2016-03-22 14:35:45,kk313498,,115.833575_24.383839
535999,粤BET44C,小型汽车,红黑字,丰田,白,2015-01-13 16:03:21,kk673273,,115.923710_24.088431
360893,粤A00J3C,小型汽车,黑底白字,大众,白,2015-07-04 09:02:10,kk196482,,115.300739_24.860394
757662,粤BJRG3Z,警用汽车,黄底黑字,五菱,白,2015-03-21 11:00:33,kk132439,,115.263754_25.170850
779599,粤AXE1I3,教练车,黄底黑字,本田,白,2015-06-27 19:47:46,kk498659,,114.846646_25.427133
684533,粤BTVMT3,小型汽车,黑底白字,斯卡达,黑,2016-06-02 03:56:15,kk375247,,115.445647_23.426270
661507,粤B3T43J,教练车,黑底白字,丰田,白,2016-05-07 12:15:09,kk184622,,113.355224_22.753763
779284,粤D2A200,大型汽车,红黑字,丰田,红,2015-07-21 10:53:13,kk156788,,115.427789_25.388080
67611,粤BRH0V0,教练车,黄底黑字,起亚,黑,2015-12-27 07:47:52,kk579812,,116.259243_23.148660
846254,粤C010EL,教练车,蓝底白字,丰田,灰,2017-11-05 04:20:52,kk365787,,114.150242_25.167970
902177,粤BC3E3X,警用汽车,黑底白字,丰田,蓝,2015-01-21 01:19:32,kk924530,,114.068292_22.748375
881845,粤E4E023,大型汽车,红黑字,丰田,白,2016-10-09 22:54:45,kk330360,,113.232984_24.975544
313463,粤A31EN3,小型汽车,蓝底白字,五菱,蓝,2016-10-16 19:20:26,kk291788,,116.971970_25.299426
3100,粤DC1V0D,警用汽车,黑底白字,丰田,灰,2017-08-16 11:56:49,kk489553,,111.430777_24.378755
158952,粤H32L3K,教练车,黑底白字,本田,蓝,2016-11-17 13:35:46,kk435393,,111.327401_24.295579
489636,粤F034TJ,警用汽车,黄底黑字,斯卡达,红,2015-09-18 17:54:44,kk122079,,111.416405_25.031436
695257,粤G443M0,警用汽车,蓝底白字,丰田,黑,2015-03-10 00:58:16,kk384675,,113.365502_23.478214
224057,粤EA433U,警用汽车,黄底黑字,五菱,蓝,2016-02-15 14:52:42,kk73634,,113.553628_23.598279
902854,粤C14313,小型汽车,黄底黑字,本田,黑,2016-01-13 13:43:19,kk852260,,111.876010_23.957835
66040,粤AY3G42,教练车,蓝底白字,大众,白,2016-04-26 20:17:12,kk674234,,114.269633_23.159990
105792,粤AX3311,大型汽车,红黑字,起亚,白,2016-09-20 17:32:51,kk771309,,113.711216_23.561849
945218,粤D1C3X1,大型汽车,红黑字,大众,蓝,2015-03-14 02:46:30,kk286950,,116.269918_25.364927
796547,粤A224W0,小型汽车,黄底黑字,大众,黑,2016-11-06 03:15:09,kk528605,,116.450038_23.935685
708040,粤E10EWI,教练车,黄底黑字,斯卡达,黑,2015-08-25 12:34:17,kk179458,,111.928099_23.145866
826175,粤ED2011,警用汽车,蓝底白字,大众,灰,2016-10-18 11:32:05,kk709922,,112.469682_23.733374
3749,粤DDS3I2,警用汽车,黄底黑字,五菱,蓝,2016-11-26 02:15:52,kk659817,,115.218730_23.537208
369903,粤GW2WX3,警用汽车,黑底白字,丰田,蓝,2017-09-25 02:24:54,kk424057,,111.674583_24.816857
744642,粤EOGU34,大型汽车,黑底白字,起亚,蓝,2015-08-08 21:48:59,kk667867,,111.704741_23.244941
328345,粤DF30Q0,警用汽车,蓝底白字,起亚,黑,2017-04-13 09:37:17,kk521948,,112.373962_25.315547
925765,粤C124L1,大型汽车,红黑字,斯卡达,白,2015-07-03 05:07:14,kk263665,,111.540269_24.804459
74470,粤BY0PKI,警用汽车,黑底白字,大众,蓝,2017-06-27 17:03:30,kk277279,,111.226445_24.970535
839199,粤BP21L1,大型汽车,黄底黑字,本田,灰,2015-04-15 02:28:03,kk704360,,112.799229_23.452899
706497,粤GJ0JF3,警用汽车,红黑字,大众,黑,2016-01-01 11:40:41,kk344979,,114.324698_24.089318
968101,粤H1344N,警用汽车,黄底黑字,起亚,红,2017-08-05 11:03:48,kk50912,,115.660936_24.148631
216862,粤AZ2D02,警用汽车,红黑字,大众,黑,2017-01-06 07:31:05,kk64012,,112.974043_25.091894
95641,粤AS40LM,大型汽车,红黑字,斯卡达,白,2016-04-01 10:03:51,kk496067,,116.203664_23.349147
237420,粤CL2B4T,教练车,黄底黑字,起亚,白,2017-04-15 10:29:45,kk420885,,113.602497_25.448425
414005,粤EI031C,警用汽车,蓝底白字,起亚,黑,2017-05-16 04:46:19,kk854991,,116.668705_25.444063
271037,粤H03240,教练车,蓝底白字,斯卡达,灰,2016-10-06 02:15:13,kk240261,,111.307060_24.443136
668617,粤CLL32M,教练车,黄底黑字,五菱,蓝,2015-06-13 13:24:06,kk909962,,113.527414_23.969877
569729,粤B430N2,大型汽车,蓝底白字,五菱,白,2015-11-21 01:55:31,kk419087,,111.283543_25.090301
622725,粤E10020,警用汽车,黑底白字,五菱,灰,2015-08-29 12:18:15,kk550542,,115.023630_24.977536
69494,粤E0HIQ0,教练车,蓝底白字,本田,红,2017-03-14 09:19:38,kk270654,,114.302427_25.234526
377534,粤HIG013,教练车,蓝底白字,丰田,白,2015-03-10 16:27:51,kk900623,,116.942352_23.246178
42016,粤BROR0P,教练车,蓝底白字,丰田,灰,2017-07-26 01:54:32,kk294982,,114.200724_25.502037
333006,粤CD4421,教练车,红黑字,本田,白,2016-03-25 12:45:04,kk873753,,114.934731_25.157640
373370,粤G14WKL,教练车,黄底黑字,本田,黑,2017-10-16 16:02:51,kk941944,,115.373235_22.722457
824514,粤H3IL1H,警用汽车,黑底白字,起亚,蓝,2016-04-08 08:14:29,kk848158,,114.731877_24.440497
629904,粤F3AHB3,教练车,黄底黑字,五菱,黑,2016-10-01 01:21:17,kk183532,,114.564401_23.962121
720493,粤E02ZY1,大型汽车,黑底白字,五菱,白,2015-07-14 11:27:41,kk402857,,114.908784_23.103363
321447,粤C421P2,警用汽车,黑底白字,大众,白,2015-09-23 11:51:52,kk961674,,111.221490_24.375656
516243,粤BR41FZ,教练车,蓝底白字,斯卡达,红,2015-06-02 12:43:18,kk306280,,115.351760_23.199482
21999,粤H3EVTU,警用汽车,黄底黑字,五菱,白,2017-09-22 12:45:41,kk828005,,111.444058_24.378299
709045,粤HX1Y2Q,警用汽车,黑底白字,大众,红,2015-08-30 11:52:55,kk198792,,111.280855_23.442524
258061,粤F1V4YC,小型汽车,红黑字,本田,白,2015-09-21 04:07:09,kk341999,,115.741303_24.861074
489742,粤F243JT,大型汽车,蓝底白字,本田,红,2016-07-04 21:41:07,kk660539,,117.094777_25.543578
324759,粤HH0XRD,教练车,蓝底白字,大众,白,2017-01-01 02:39:05,kk43871,,111.909596_23.630950
35946,粤H3G1PH,小型汽车,红黑字,大众,红,2015-05-01 06:05:44,kk606008,,111.764601_22.999696
439922,粤D2W1YR,教练车,红黑字,起亚,红,2016-12-13 03:07:24,kk68655,,113.595193_25.046598
942027,粤EPO2YL,警用汽车,蓝底白字,五菱,灰,2016-07-08 10:54:17,kk196716,,112.951810_23.544869
896263,粤CC3HJW,小型汽车,蓝底白字,丰田,黑,2015-06-22 07:18:54,kk717856,,114.794219_24.742310
571031,粤F20QB3,大型汽车,黄底黑字,本田,白,2016-11-21 08:29:21,kk713438,,114.592869_22.683700
121834,粤HCR33Z,教练车,黄底黑字,斯卡达,白,2016-04-11 01:50:54,kk555098,,116.371555_24.761840
363695,粤B0ES2D,小型汽车,蓝底白字,丰田,红,2017-02-13 12:02:09,kk79366,,115.859592_22.869802
808889,粤D02U42,小型汽车,黑底白字,五菱,红,2015-12-28 01:38:39,kk842156,,115.584459_24.551209
389712,粤AN4C4R,警用汽车,黑底白字,大众,白,2016-08-14 22:48:32,kk975622,,115.449863_23.223529
521332,粤GQ3T3T,大型汽车,红黑字,大众,黑,2015-11-02 18:34:17,kk381791,,116.947734_23.698941
676397,粤AG002K,警用汽车,黄底黑字,大众,白,2015-07-11 16:31:20,kk740521,,112.514199_25.020436
440897,粤A0G4XH,警用汽车,蓝底白字,丰田,蓝,2016-07-03 03:16:08,kk83796,,111.703588_25.223932
99915,粤G33210,教练车,黑底白字,丰田,白,2017-08-23 13:32:18,kk493988,,115.537178_24.185977
162212,粤D4232M,小型汽车,蓝底白字,斯卡达,黑,2016-05-13 22:32:07,kk820645,,116.814619_22.979066
874229,粤CD2P3F,教练车,蓝底白字,本田,黑,2017-05-30 20:41:09,kk178548,,114.582269_22.574021
696916,粤D010O2,小型汽车,蓝底白字,五菱,灰,2015-11-19 10:07:05,kk389162,,117.074309_23.260324
922918,粤CLX1Z2,大型汽车,蓝底白字,起亚,灰,2017-11-27 12:32:54,kk458285,,115.963895_24.780093
96974,粤G20LWU,教练车,蓝底白字,斯卡达,黑,2015-05-21 22:25:07,kk644623,,116.770067_22.899971
669027,粤BD3L4M,大型汽车,蓝底白字,起亚,蓝,2016-02-26 20:48:40,kk667168,,114.782247_23.864455
357346,粤EO42MD,教练车,蓝底白字,丰田,红,2015-05-10 04:00:49,kk123673,,111.911614_25.325746
28102,粤FK3O0R,教练车,红黑字,大众,白,2016-10-12 07:36:31,kk248181,,113.270549_24.953608
508176,粤A13E0M,教练车,黄底黑字,斯卡达,红,2015-09-13 05:51:33,kk722496,,115.410619_24.338996
639568,粤G42Z2B,大型汽车,黑底白字,起亚,黑,2016-04-19 09:25:11,kk374621,,116.667640_24.887925
56651,粤ES44GY,大型汽车,红黑字,丰田,灰,2016-11-23 05:00:17,kk246617,,114.349571_23.639874
621603,粤C343SI,大型汽车,黄底黑字,斯卡达,蓝,2016-01-16 14:20:05,kk695009,,116.820730_25.286456
188684,粤G2L421,小型汽车,红黑字,五菱,蓝,2017-03-16 20:25:12,kk898757,,112.459553_23.347398
384673,粤G1WO14,大型汽车,红黑字,起亚,白,2016-12-13 02:58:06,kk392996,,116.671738_22.609359
390578,粤E42H3O,小型汽车,红黑字,起亚,红,2016-08-29 21:13:16,kk21146,,116.211134_25.098964
288871,粤H0G32K,小型汽车,蓝底白字,丰田,白,2015-08-13 10:04:39,kk3676,,114.011193_24.186532
400836,粤H10J00,小型汽车,蓝底白字,丰田,灰,2015-02-19 19:40:54,kk658692,,113.969306_24.348780
180225,粤FQ201U,大型汽车,黑底白字,五菱,黑,2015-04-04 16:46:24,kk677718,,112.462899_23.328812
652261,粤B4QH31,教练车,黑底白字,起亚,灰,2016-11-27 04:24:08,kk759422,,116.916158_25.006280
91136,粤F3B32D,大型汽车,黄底黑字,本田,红,2017-01-07 05:29:15,kk834719,,116.588897_22.851749
614508,粤D1ZM30,警用汽车,黄底黑字,五菱,灰,2016-02-07 06:55:23,kk78599,,112.740580_22.610984
640084,粤BFH24E,小型汽车,红黑字,丰田,蓝,2016-04-25 12:15:10,kk397182,,116.876673_23.684769
697248,粤H23XZB,教练车,黑底白字,斯卡达,黑,2015-12-15 15:29:17,kk102918,,116.315312_22.577053
915783,粤GS4JLM,小型汽车,红黑字,斯卡达,灰,2017-04-13 07:58:30,kk46529,,113.319044_24.544591
624090,粤D2440E,警用汽车,黑底白字,斯卡达,蓝,2016-10-25 09:00:03,kk561181,,112.083320_23.260488
880915,粤GY41QH,警用汽车,黑底白字,本田,黑,2017-09-30 01:00:37,kk192553,,115.223481_22.594201
437428,粤DJ2PSE,大型汽车,蓝底白字,丰田,白,2017-08-19 20:16:01,kk337882,,116.803255_22.907880
580626,粤H4I0A1,教练车,红黑字,斯卡达,蓝,2015-05-24 21:16:40,kk597721,,115.607907_23.694569
544363,粤B3MD2V,教练车,黄底黑字,起亚,红,2015-10-09 19:37:27,kk856074,,112.946527_23.590799
690917,粤AV3RPH,警用汽车,黄底黑字,本田,灰,2016-03-17 09:20:58,kk847719,,117.032065_23.767942
463860,粤DAND0F,警用汽车,红黑字,斯卡达,灰,2015-11-01 00:27:55,kk245953,,113.977354_23.915714
192098,粤G0023A,警用汽车,黑底白字,斯卡达,白,2015-04-12 03:26:59,kk109667,,115.400593_25.189976
185289,粤GHDI1M,小型汽车,黄底黑字,斯卡达,黑,2017-02-21 12:10:26,kk865548,,114.770288_22.944148
202464,粤F1R2HA,大型汽车,红黑字,斯卡达,灰,2017-12-04 13:56:13,kk869395,,115.624926_24.316799
298517,粤F4P31I,大型汽车,蓝底白字,丰田,黑,2016-03-13 01:44:17,kk989933,,114.347457_22.628361
257338,粤AZB2AG,教练车,黑底白字,本田,蓝,2016-10-19 08:29:51,kk589183,,112.337865_23.600203
305701,粤C1GX34,大型汽车,红黑字,斯卡达,红,2015-08-03 10:45:19,kk735356,,115.250217_22.794783
568648,粤HE2GHQ,小型汽车,红黑字,五菱,红,2017-06-01 06:21:28,kk477393,,112.509875_23.830332
774931,粤CH0X24,小型汽车,红黑字,斯卡达,蓝,2016-11-19 12:46:16,kk534713,,111.971556_24.382969
50190,粤C0R44S,小型汽车,红黑字,丰田,白,2015-01-28 07:44:58,kk811369,,112.427204_24.546303
245902,粤FJ410D,小型汽车,黄底黑字,本田,红,2016-03-27 22:34:34,kk730740,,111.976261_24.508227
143730,粤CU134R,教练车,黄底黑字,丰田,蓝,2016-05-02 00:02:02,kk505041,,114.766802_25.525835
47742,粤EUZ4WL,小型汽车,红黑字,起亚,灰,2017-09-13 17:50:16,kk103364,,115.838233_23.540292
731107,粤GK20H4,小型汽车,黑底白字,五菱,蓝,2016-06-19 16:07:19,kk862612,,113.037918_23.012362
439173,粤E243S0,警用汽车,黄底黑字,五菱,黑,2016-10-13 15:53:59,kk397595,,114.831770_23.281604
667493,粤HM3FLE,小型汽车,红黑字,五菱,蓝,2015-09-05 04:30:59,kk709759,,114.315555_24.982908
731159,粤A0EX33,小型汽车,蓝底白字,丰田,黑,2016-03-18 05:55:06,kk168375,,112.479265_22.983743
720959,粤G3P0A4,警用汽车,黄底黑字,大众,红,2015-12-19 06:52:40,kk343738,,112.725845_23.805132
302181,粤H3HY21,警用汽车,黄底黑字,起亚,蓝,2016-03-15 09:25:53,kk508791,,112.875498_23.677799
953511,粤C0SJ1V,警用汽车,黄底黑字,五菱,蓝,2015-04-22 19:17:32,kk993797,,111.266174_23.835306
666323,粤AJ020E,大型汽车,黄底黑字,大众,白,2016-12-13 02:19:39,kk478051,,114.872596_25.134227
828751,粤DV4XD4,警用汽车,红黑字,本田,红,2015-09-25 09:59:28,kk733326,,113.306043_24.933942
4297,粤E2LMP1,警用汽车,黄底黑字,五菱,白,2015-01-11 22:37:47,kk295643,,111.223163_24.433083
581314,粤DPD4LC,大型汽车,黑底白字,大众,灰,2015-07-08 16:56:16,kk35119,,113.226306_25.068911
817581,粤A40WT3,警用汽车,黄底黑字,丰田,蓝,2015-10-21 03:39:52,kk618066,,116.955822_22.883218
633245,粤DYLG2K,教练车,蓝底白字,起亚,红,2017-12-18 14:23:47,kk411177,,111.211500_25.200447
615821,粤AP203Y,大型汽车,红黑字,本田,灰,2016-12-19 19:27:21,kk464550,,116.488005_24.858564
92465,粤BBOHBQ,警用汽车,黑底白字,本田,黑,2016-05-30 00:31:08,kk828454,,113.527770_23.379645
797657,粤C31Z3B,大型汽车,蓝底白字,斯卡达,蓝,2016-05-01 06:25:43,kk608175,,116.658252_24.826035
618488,粤AB30I0,大型汽车,黑底白字,五菱,白,2016-07-28 00:52:46,kk841937,,116.643393_24.606020
135114,粤A24C31,大型汽车,红黑字,丰田,蓝,2015-09-07 18:37:48,kk498779,,115.209832_24.432988
190540,粤A311J0,警用汽车,蓝底白字,丰田,蓝,2015-10-30 00:39:37,kk636495,,116.497443_24.973243
521741,粤FTHJ2M,小型汽车,蓝底白字,起亚,红,2016-12-05 21:30:24,kk34081,,115.630631_23.608414
563245,粤F402OO,警用汽车,红黑字,斯卡达,红,2016-04-06 16:05:35,kk418874,,114.615944_25.051096
894629,粤D01H1W,教练车,蓝底白字,丰田,白,2015-11-17 14:00:43,kk745411,,113.397708_23.061216
445018,粤D31I3X,小型汽车,黑底白字,本田,红,2016-04-15 03:58:53,kk851261,,112.027639_23.558428
490477,粤C4X3B1,警用汽车,黑底白字,本田,黑,2017-03-22 00:48:58,kk214456,,116.406296_25.480876
684344,粤FC3U01,小型汽车,红黑字,丰田,白,2015-11-16 10:05:25,kk467821,,113.032117_23.852156
845860,粤AM4VN1,大型汽车,黄底黑字,斯卡达,红,2016-08-17 11:19:40,kk787439,,115.745767_23.493259
999075,粤A1MN12,大型汽车,红黑字,五菱,灰,2016-12-24 14:12:39,kk265609,,114.962614_23.720354
201856,粤G2LYPG,警用汽车,黄底黑字,本田,红,2015-02-02 02:37:44,kk903119,,114.031779_22.966408
33922,粤H00Q1U,警用汽车,红黑字,丰田,蓝,2015-11-12 09:28:10,kk911267,,114.882120_25.489078
223186,粤E1C024,教练车,蓝底白字,丰田,灰,2017-10-01 14:38:05,kk601031,,112.647320_25.439790
781283,粤HR1T2A,教练车,黄底黑字,起亚,白,2016-10-19 02:39:30,kk254907,,112.317060_23.477176
192021,粤FC124L,小型汽车,蓝底白字,斯卡达,蓝,2017-08-26 14:39:20,kk26374,,114.748476_22.756459
650576,粤G1T402,小型汽车,黑底白字,大众,灰,2017-02-08 12:24:31,kk92602,,112.309529_25.241984
86627,粤G41B0U,小型汽车,红黑字,大众,灰,2015-08-20 07:48:53,kk997938,,113.512797_24.837938
721218,粤EZTF22,大型汽车,红黑字,斯卡达,灰,2016-02-12 10:48:20,kk368860,,116.778211_23.288763
204975,粤D02M1Y,警用汽车,黑底白字,斯卡达,灰,2016-03-11 01:27:45,kk955500,,113.600212_22.699720
964425,粤A4E0M2,教练车,黑底白字,起亚,蓝,2016-12-29 15:27:05,kk260528,,111.430942_23.017387
243508,粤CCVT02,大型汽车,黑底白字,起亚,白,2017-11-27 02:27:19,kk853067,,116.798836_22.751969
468971,粤GUNB30,警用汽车,红黑字,斯卡达,灰,2017-05-14 12:35:55,kk833494,,116.192095_24.145863
991192,粤FV04DU,大型汽车,黄底黑字,丰田,红,2015-06-18 00:26:34,kk814399,,116.863639_23.091084
956076,粤H1M4OI,小型汽车,红黑字,大众,红,2015-05-16 21:17:01,kk213619,,113.860036_24.012510
49024,粤B204B4,教练车,红黑字,大众,蓝,2015-06-10 03:40:28,kk617202,,114.493359_24.475585
118571,粤F24M32,教练车,黄底黑字,本田,黑,2016-10-16 13:53:31,kk463296,,111.561611_25.203815
235144,粤C23443,教练车,黑底白字,五菱,黑,2017-08-21 09:25:57,kk322399,,111.556679_22.930194
569497,粤G24144,小型汽车,蓝底白字,斯卡达,红,2017-12-05 07:44:23,kk605038,,111.213362_24.722894
585715,粤AFSI24,教练车,红黑字,丰田,灰,2015-06-09 20:27:49,kk614893,,116.246788_24.351228
435306,粤BXK1HY,警用汽车,红黑字,斯卡达,白,2015-11-08 02:27:52,kk483512,,116.191963_25.445385
111723,粤FYA4DX,小型汽车,蓝底白字,五菱,蓝,2015-01-25 17:07:48,kk672216,,115.313379_23.572570
878794,粤G43QOG,小型汽车,黄底黑字,本田,蓝,2016-11-19 19:32:32,kk407413,,113.331625_24.654713
721847,粤F2HY44,警用汽车,黄底黑字,斯卡达,红,2017-06-01 09:54:22,kk627489,,113.176391_22.647281
86958,粤E2CQ13,小型汽车,黑底白字,斯卡达,红,2016-10-30 15:18:56,kk762596,,113.021486_24.888135
971575,粤H1MCJ3,大型汽车,红黑字,斯卡达,灰,2017-06-12 14:50:09,kk943070,,114.097512_23.329785
508896,粤HL4UB2,警用汽车,蓝底白字,起亚,红,2017-08-21 13:43:03,kk37864,,112.471627_23.380388
548695,粤GD3OB0,警用汽车,蓝底白字,大众,白,2017-07-05 22:14:53,kk261334,,114.632133_25.162542
378939,粤ATUZ2C,教练车,红黑字,五菱,红,2015-05-11 01:04:07,kk954821,,115.274125_23.841467
655342,粤E2F3Y4,警用汽车,蓝底白字,大众,黑,2017-10-23 11:46:38,kk548954,,115.826172_25.441695
810146,粤D1V4M0,小型汽车,黑底白字,本田,蓝,2015-07-28 19:46:12,kk643195,,116.757260_25.360501
696740,粤GQDM1L,大型汽车,黑底白字,五菱,黑,2017-08-24 02:04:31,kk601119,,112.787783_24.063117
993337,粤AKECV1,大型汽车,黄底黑字,大众,红,2017-10-10 05:01:54,kk53043,,114.210156_24.697918
936805,粤AXPU41,小型汽车,蓝底白字,丰田,白,2016-08-14 18:27:03,kk222070,,115.527822_25.038775
286801,粤AQGI0M,小型汽车,蓝底白字,五菱,红,2017-04-09 13:41:08,kk45233,,113.677242_24.129532
30763,粤E14ZZB,小型汽车,黑底白字,大众,灰,2016-05-29 05:53:22,kk648387,,114.269619_24.230997
231863,粤CP31KO,警用汽车,红黑字,五菱,黑,2015-06-01 16:53:04,kk851623,,112.426774_22.804936
594936,粤G0T410,教练车,黄底黑字,大众,白,2015-04-14 06:13:41,kk31408,,111.247127_24.425189
779432,粤ATGX2P,大型汽车,黄底黑字,五菱,蓝,2015-05-30 21:39:27,kk846329,,114.689758_24.145247
223856,粤HDX00I,教练车,黄底黑字,斯卡达,红,2016-03-03 06:08:16,kk45200,,111.458231_23.937451
262714,粤F1J3M1,小型汽车,黑底白字,五菱,红,2015-07-14 12:44:33,kk819502,,115.344070_23.788781
614860,粤H3BS0U,小型汽车,红黑字,丰田,灰,2016-03-04 00:14:00,kk936491,,114.419241_24.362223
901234,粤ELJA33,警用汽车,红黑字,斯卡达,白,2016-06-05 15:15:27,kk195011,,112.102053_24.063501
710328,粤HV1U13,教练车,蓝底白字,斯卡达,红,2016-06-05 12:27:08,kk582954,,114.903994_23.089698
871327,粤G3KLF2,教练车,蓝底白字,本田,灰,2016-12-27 09:43:58,kk883439,,113.458016_23.051291
17715,粤A2BD3S,教练车,黑底白字,丰田,黑,2015-04-01 19:39:04,kk376269,,116.208014_22.744313
228246,粤B3024G,大型汽车,黑底白字,本田,蓝,2016-12-26 05:58:08,kk711802,,117.056938_22.728018
517528,粤GX2FWY,教练车,黑底白字,斯卡达,红,2015-11-12 22:52:11,kk996356,,113.567792_24.668936
215057,粤AXB2G1,小型汽车,黑底白字,起亚,黑,2015-06-03 05:36:17,kk621397,,111.637767_23.677720
819424,粤G44001,警用汽车,黄底黑字,本田,黑,2015-05-15 12:55:38,kk393180,,113.476872_25.152253
743468,粤C41VL0,大型汽车,蓝底白字,大众,白,2017-10-10 04:18:44,kk75180,,115.718168_25.452134
476561,粤GOX02N,小型汽车,黄底黑字,五菱,红,2016-11-06 13:11:32,kk542559,,113.947189_24.875111
81747,粤A44FE2,警用汽车,黑底白字,起亚,蓝,2017-08-25 02:00:06,kk366089,,113.646401_25.486639
618373,粤B1F12Z,大型汽车,黄底黑字,五菱,黑,2017-01-20 12:49:05,kk792351,,114.419336_23.932449
34894,粤B34200,大型汽车,黄底黑字,本田,红,2017-03-25 13:44:29,kk767707,,112.486673_25.179771
311926,粤D2I4M1,大型汽车,蓝底白字,大众,白,2015-11-12 03:21:47,kk865448,,112.951782_23.370644
152212,粤A2T3X0,警用汽车,黄底黑字,大众,白,2015-09-15 16:33:21,kk718684,,112.238470_22.593566
311996,粤E32M2C,大型汽车,黑底白字,五菱,红,2016-11-30 04:18:40,kk835972,,114.963278_25.030166
747444,粤B204Y3,大型汽车,黄底黑字,五菱,红,2016-06-06 14:26:43,kk482311,,115.111364_22.804912
110050,粤BHX214,大型汽车,蓝底白字,丰田,蓝,2017-12-29 21:21:59,kk645084,,114.120425_25.220639
766624,粤FRLYD3,教练车,黄底黑字,丰田,红,2016-11-17 08:15:05,kk972663,,111.492070_22.942138
442260,粤F1BOTH,教练车,红黑字,丰田,灰,2016-01-26 18:06:30,kk972814,,114.074105_25.410409
788806,粤B2ZCFB,警用汽车,蓝底白字,五菱,黑,2016-08-02 17:41:06,kk688717,,112.047936_25.360047
666727,粤A20Q3W,教练车,蓝底白字,本田,白,2015-03-28 10:31:01,kk532308,,113.131219_24.065498
694812,粤FJ3ASF,小型汽车,红黑字,大众,黑,2016-08-04 02:23:30,kk947835,,113.250221_25.523540
670062,粤DY033L,大型汽车,黑底白字,斯卡达,蓝,2017-04-11 09:27:21,kk102912,,111.679537_23.284131
789184,粤G1BBCT,警用汽车,黄底黑字,大众,灰,2016-07-17 10:23:43,kk860045,,116.114758_23.568439
213473,粤E31321,教练车,黄底黑字,起亚,灰,2016-07-17 18:44:23,kk868492,,114.805502_24.825767
410457,粤G3J0NT,小型汽车,红黑字,斯卡达,白,2016-08-22 09:25:51,kk734504,,112.101036_25.542935
878535,粤FJK112,教练车,黄底黑字,五菱,蓝,2016-03-14 05:58:20,kk877395,,115.873669_23.768093
314950,粤D4KXOV,大型汽车,红黑字,丰田,灰,2017-08-27 02:08:33,kk859558,,111.537816_24.998439
22775,粤C24QJ0,警用汽车,黑底白字,大众,白,2017-10-21 05:49:18,kk690460,,113.480682_23.721521
369199,粤CZ41O0,警用汽车,黑底白字,五菱,蓝,2015-04-13 03:44:49,kk847805,,113.706509_25.109903
405251,粤B0H142,大型汽车,红黑字,本田,红,2017-11-08 22:48:17,kk533483,,114.970844_23.534829
336206,粤CBU032,警用汽车,黑底白字,本田,蓝,2015-09-02 11:43:04,kk987567,,114.684180_24.725354
392258,粤EW33MD,警用汽车,黑底白字,斯卡达,蓝,2016-09-10 07:45:29,kk520551,,116.724935_24.834236
790654,粤FFFOC1,教练车,红黑字,起亚,白,2016-12-08 20:11:18,kk292179,,114.278649_24.040131
903340,粤H304PH,教练车,黑底白字,大众,灰,2016-09-09 18:17:08,kk764631,,112.154164_23.783337
448248,粤D0F2CV,警用汽车,黄底黑字,丰田,蓝,2016-03-19 11:29:14,kk188493,,114.488808_22.626155
507747,粤D3XA04,警用汽车,黄底黑字,本田,白,2017-03-13 03:42:21,kk441849,,114.648941_22.952405
444330,粤EQH3QS,大型汽车,黑底白字,起亚,白,2015-07-28 20:26:36,kk36017,,115.252089_25.150318
331505,粤E03IC4,警用汽车,蓝底白字,五菱,红,2017-05-18 13:03:07,kk125834,,113.125955_25.189611
346938,粤D32DT2,教练车,红黑字,丰田,灰,2017-01-12 06:12:10,kk918084,,114.722019_23.027747
685246,粤ELNP0D,大型汽车,蓝底白字,起亚,黑,2015-07-17 05:14:46,kk958564,,116.255217_22.959650
939452,粤B0WLB4,教练车,红黑字,起亚,白,2017-06-09 09:43:40,kk396458,,116.875839_22.654064
572958,粤BE4VMO,教练车,黑底白字,本田,蓝,2017-03-01 13:24:22,kk474088,,111.189660_24.270300
57987,粤FW34HM,小型汽车,蓝底白字,五菱,灰,2017-08-12 13:59:44,kk170791,,115.189585_24.183144
491815,粤B042X1,教练车,黑底白字,五菱,黑,2016-12-01 01:11:26,kk141568,,113.612701_25.506565
18696,粤H2EV04,大型汽车,黑底白字,丰田,灰,2015-08-20 19:06:03,kk834335,,111.457927_22.989370
183242,粤D41H1I,小型汽车,黑底白字,斯卡达,白,2017-06-25 06:53:44,kk944005,,114.192611_24.613274
420132,粤C303N0,教练车,蓝底白字,五菱,灰,2017-10-06 21:49:57,kk167299,,111.838490_22.988270
245358,粤D0QSMK,小型汽车,黑底白字,丰田,红,2016-03-19 15:49:34,kk559094,,113.068918_25.307191
355825,粤B234A1,教练车,黄底黑字,本田,蓝,2017-12-18 11:05:26,kk659290,,114.768482_24.829270
766980,粤G42TK0,教练车,黑底白字,本田,白,2016-05-12 21:36:54,kk958586,,115.584868_22.613707
322235,粤G3B3QK,大型汽车,黑底白字,起亚,白,2015-05-27 02:08:42,kk202210,,112.806392_24.475330
393314,粤E233E3,大型汽车,蓝底白字,本田,白,2016-01-20 15:21:16,kk492582,,112.059199_23.554965
357234,粤B3EU3X,教练车,黑底白字,斯卡达,白,2015-02-29 00:18:00,kk145037,,114.160700_25.544586
483515,粤FO302I,教练车,蓝底白字,五菱,白,2017-07-06 17:58:42,kk775152,,113.262875_23.025751
194276,粤G2H10A,警用汽车,黑底白字,丰田,红,2016-04-30 05:54:06,kk151891,,114.137449_24.690550
270257,粤D34JL1,警用汽车,黄底黑字,起亚,黑,2017-09-19 11:21:59,kk937691,,113.333834_23.065956
467402,粤D441Z0,警用汽车,黑底白字,本田,灰,2017-01-06 04:13:59,kk554782,,114.089533_22.726627
181467,粤CRS1KN,教练车,黑底白字,本田,红,2015-08-25 12:20:35,kk66426,,113.996675_23.040248
252256,粤A420J4,大型汽车,蓝底白字,斯卡达,黑,2016-11-21 03:33:56,kk142468,,115.137572_25.256075
734401,粤HMCR11,教练车,蓝底白字,起亚,黑,2015-04-09 19:11:50,kk890459,,114.401917_22.592913
478244,粤BA2TT3,大型汽车,红黑字,本田,红,2015-09-29 11:21:48,kk576800,,116.120059_24.223620
662186,粤CYN3FW,大型汽车,黑底白字,本田,黑,2015-01-13 13:05:27,kk36777,,114.554805_23.188298
997010,粤F244U4,大型汽车,红黑字,大众,黑,2016-09-05 12:12:13,kk877988,,117.091759_24.305972
183012,粤H1QF0J,警用汽车,蓝底白字,起亚,灰,2015-04-07 08:36:09,kk418621,,116.621341_23.763936
342379,粤FQ1XXY,教练车,黑底白字,大众,白,2016-09-17 01:08:15,kk670172,,113.398565_23.339729
572117,粤DARH11,小型汽车,蓝底白字,斯卡达,白,2015-09-25 15:00:02,kk573617,,115.804172_24.709277
466921,粤F04ZMC,小型汽车,黑底白字,大众,灰,2015-02-03 16:36:56,kk128724,,114.229420_24.157738
446724,粤EAR2VK,大型汽车,红黑字,五菱,红,2017-02-18 11:54:11,kk18090,,115.429419_25.233020
990297,粤FUV244,教练车,红黑字,大众,蓝,2015-11-30 03:47:09,kk820669,,114.396170_24.404086
424078,粤CFH13N,小型汽车,黄底黑字,本田,蓝,2015-08-01 10:01:56,kk933953,,113.507614_23.847368
744541,粤HW10T2,大型汽车,黄底黑字,五菱,灰,2015-08-05 09:05:39,kk879647,,115.443217_24.327091
62763,粤C0A34R,警用汽车,黑底白字,丰田,蓝,2016-07-24 01:19:59,kk754586,,116.143579_23.475757
651434,粤EHI113,大型汽车,蓝底白字,丰田,白,2017-09-24 16:33:54,kk206806,,115.951945_24.533216
247426,粤DST20Y,警用汽车,黑底白字,起亚,灰,2016-08-22 16:49:26,kk466102,,116.172514_25.499614
217124,粤A2M1DQ,教练车,黑底白字,五菱,蓝,2015-06-15 09:35:39,kk639050,,116.788388_25.298812
427081,粤D1124C,警用汽车,蓝底白字,斯卡达,白,2016-11-28 00:27:15,kk690423,,113.130893_24.714787
179156,粤EXPNG2,小型汽车,黄底黑字,五菱,蓝,2017-02-03 15:50:50,kk276037,,111.512509_24.835333
367150,粤G42BP4,小型汽车,红黑字,起亚,黑,2017-08-28 16:46:27,kk866550,,115.901380_23.895140
91056,粤AB4TJA,教练车,黑底白字,斯卡达,白,2016-01-23 11:09:27,kk407329,,116.583456_23.620342
325387,粤ECEE3K,大型汽车,黄底黑字,本田,白,2015-11-20 13:33:41,kk96456,,112.319482_24.623857
879643,粤C0SU1L,警用汽车,蓝底白字,起亚,灰,2015-09-06 12:44:04,kk731118,,113.834333_24.715622
811853,粤D1E2EX,警用汽车,红黑字,大众,黑,2015-02-04 06:49:28,kk471984,,115.913125_23.554045
660199,粤CCSG13,警用汽车,黄底黑字,大众,黑,2015-02-11 22:05:33,kk805915,,116.834979_23.730883
343091,粤F0E022,教练车,黄底黑字,本田,白,2017-09-11 00:38:43,kk949183,,117.078740_23.079506
344686,粤A3BOH3,警用汽车,蓝底白字,大众,白,2015-02-14 02:54:47,kk926620,,112.175726_24.695275
850654,粤E0334B,警用汽车,黄底黑字,起亚,黑,2017-06-03 02:12:35,kk86463,,116.990239_24.287727
828135,粤HWPNF0,大型汽车,蓝底白字,本田,黑,2017-02-24 12:34:59,kk866374,,113.948334_23.174861
654156,粤HKB2BG,警用汽车,红黑字,大众,蓝,2017-04-29 21:24:12,kk212997,,115.973934_24.629762
788388,粤E10OQ4,大型汽车,红黑字,五菱,红,2017-06-10 04:20:36,kk175602,,115.038681_24.290440
158985,粤D0Y1R4,教练车,蓝底白字,五菱,白,2016-12-13 07:47:33,kk843756,,113.205235_25.550728
384326,粤H42S01,教练车,蓝底白字,本田,灰,2017-07-25 13:34:23,kk979651,,111.306122_23.520094
688850,粤E11C1O,小型汽车,黑底白字,丰田,红,2015-09-18 14:04:32,kk407604,,116.824642_23.184983
387768,粤CCT123,教练车,黑底白字,本田,红,2015-04-27 04:30:55,kk466435,,115.552546_25.415180
113302,粤AY3REQ,警用汽车,蓝底白字,本田,红,2015-08-22 13:43:12,kk604836,,111.736200_24.731368
534167,粤B313ZC,教练车,红黑字,丰田,白,2015-08-02 17:37:26,kk505480,,115.208662_23.629524
180407,粤F23000,大型汽车,蓝底白字,斯卡达,黑,2017-10-02 22:30:43,kk960591,,111.550398_23.251194
127278,粤B30GI2,警用汽车,黑底白字,丰田,红,2016-11-21 08:37:31,kk89791,,112.787909_24.864896
714700,粤G231I3,教练车,黄底黑字,大众,蓝,2017-06-17 22:09:05,kk390522,,114.570192_22.834952
182954,粤CT4K0N,小型汽车,蓝底白字,大众,白,2016-06-06 02:50:13,kk541941,,111.214613_23.688976
90600,粤EE31MF,大型汽车,黑底白字,丰田,蓝,2015-01-03 21:36:00,kk845151,,116.939837_24.457426
647217,粤A4XNQ1,大型汽车,红黑字,起亚,灰,2016-05-27 03:16:37,kk675778,,114.951594_24.282684
641430,粤GE013I,教练车,红黑字,起亚,白,2015-01-01 21:11:55,kk349291,,112.447881_24.105773
473761,粤EZ10TT,大型汽车,黑底白字,起亚,灰,2017-02-07 06:02:23,kk355179,,112.702622_23.547431
914205,粤D300E0,警用汽车,蓝底白字,本田,白,2016-02-07 20:51:58,kk2968,,116.587395_24.687148
596059,粤G3IJ13,警用汽车,红黑字,起亚,灰,2015-12-08 21:54:51,kk141236,,115.576870_23.226689
930332,粤C12U21,小型汽车,黑底白字,大众,灰,2016-06-27 21:45:03,kk760229,,111.783183_25.103280
79210,粤AU3MC0,小型汽车,蓝底白字,本田,灰,2015-10-08 16:23:30,kk969284,,112.822019_22.844111
862392,粤H32YPV,小型汽车,蓝底白字,本田,红,2015-12-14 03:06:30,kk52250,,114.297081_25.370243
986689,粤GX4244,教练车,黑底白字,五菱,白,2017-12-15 19:36:21,kk47195,,116.757986_23.740923
787161,粤DJL4PL,大型汽车,红黑字,起亚,蓝,2017-05-19 03:38:51,kk571154,,114.584854_24.624645
747164,粤H344DW,小型汽车,黄底黑字,斯卡达,灰,2017-04-11 17:17:11,kk416314,,114.588464_24.417286
425004,粤C2M3UJ,大型汽车,蓝底白字,大众,红,2015-01-23 13:36:30,kk780931,,112.349528_25.481734
56531,粤GYC1EU,教练车,黑底白字,大众,灰,2016-12-18 21:14:55,kk866476,,113.532064_24.006559
25833,粤A33K13,警用汽车,红黑字,斯卡达,白,2016-08-14 08:13:20,kk971888,,113.581288_23.081507
600313,粤ANM32F,小型汽车,红黑字,本田,黑,2017-07-07 00:32:03,kk146484,,111.760079_24.551228
811752,粤CV0OV2,警用汽车,红黑字,本田,黑,2016-02-25 18:02:37,kk925014,,112.377169_23.680531
131602,粤F134G1,教练车,黑底白字,丰田,白,2015-03-15 09:27:46,kk661464,,113.457462_23.496680
636568,粤FZXQLA,大型汽车,黄底黑字,大众,黑,2015-02-17 16:51:48,kk502682,,111.434416_24.784695
689673,粤CO0O04,警用汽车,红黑字,本田,黑,2016-10-16 07:27:39,kk98512,,112.314957_24.443277
772314,粤H202QK,警用汽车,黑底白字,五菱,蓝,2016-02-13 05:08:07,kk732083,,112.189853_24.103587
994456,粤E440BV,大型汽车,黑底白字,丰田,白,2015-12-24 21:34:31,kk672021,,111.415560_23.190964
982941,粤BTN13A,警用汽车,红黑字,本田,黑,2016-12-25 13:22:58,kk197805,,113.689313_23.703672
301991,粤BI22ES,小型汽车,黑底白字,本田,蓝,2016-10-26 21:34:30,kk930114,,112.709153_25.519334
295340,粤GGUOTL,教练车,黑底白字,本田,灰,2016-09-14 00:36:14,kk809965,,113.360719_23.392474
256046,粤F32E31,警用汽车,黑底白字,五菱,灰,2017-08-29 22:10:24,kk313570,,111.456877_25.334910
127843,粤CI1P1P,教练车,黄底黑字,斯卡达,蓝,2016-12-21 19:56:25,kk264287,,116.193261_25.021026
521050,粤D3QJH2,大型汽车,蓝底白字,大众,灰,2017-09-17 05:08:24,kk908665,,114.736052_25.041320
686364,粤DOBS4S,大型汽车,黄底黑字,丰田,红,2016-08-10 11:16:51,kk760551,,112.914654_25.293243
231481,粤G2SJW4,小型汽车,黄底黑字,斯卡达,白,2016-08-13 03:21:35,kk85325,,115.718468_25.269247
788341,粤BL4UN3,大型汽车,黄底黑字,大众,灰,2017-01-07 20:39:16,kk795809,,113.641951_23.254082
542891,粤B3CC3V,教练车,蓝底白字,本田,红,2017-03-02 00:14:53,kk962004,,116.861940_25.460409
524620,粤C23U3N,小型汽车,红黑字,起亚,灰,2017-05-16 17:51:42,kk98769,,111.700941_24.529762
819700,粤FW304R,小型汽车,红黑字,起亚,黑,2016-09-03 05:16:05,kk888682,,112.994226_23.732028
419454,粤A42242,小型汽车,黑底白字,斯卡达,灰,2017-02-03 08:20:40,kk21766,,114.442995_25.140753
244933,粤DD140A,大型汽车,红黑字,本田,蓝,2017-10-05 10:25:11,kk389406,,112.619372_23.134078
998766,粤DQ4QK4,教练车,红黑字,五菱,白,2016-03-04 21:13:35,kk956717,,112.792418_24.229812
887045,粤EM0BV4,大型汽车,黄底黑字,丰田,黑,2017-10-12 18:09:40,kk255764,,111.387534_25.251442
926828,粤GSM3U2,教练车,黄底黑字,大众,蓝,2016-09-06 06:23:23,kk591471,,111.543363_23.113053
508998,粤BW0O01,大型汽车,黑底白字,大众,蓝,2015-01-01 10:29:02,kk732707,,116.792107_22.747874
121518,粤EH1GV1,警用汽车,黄底黑字,五菱,白,2017-06-22 08:22:41,kk72954,,112.873107_22.624654
654742,粤DZ0241,小型汽车,蓝底白字,五菱,黑,2015-01-10 18:42:11,kk988126,,111.377528_24.124232
508316,粤C4204D,教练车,红黑字,五菱,黑,2015-03-07 10:34:53,kk393525,,112.889490_25.493785
798253,粤CGEV30,大型汽车,黄底黑字,本田,灰,2017-03-16 19:11:19,kk307582,,115.722833_25.121535
323180,粤BOX1BG,教练车,黑底白字,大众,红,2017-07-10 06:39:37,kk566941,,113.272007_24.332159
590294,粤AI4242,小型汽车,黄底黑字,大众,白,2017-12-16 15:56:08,kk705611,,117.043794_24.320581
124474,粤C21N1S,警用汽车,蓝底白字,斯卡达,红,2015-01-23 06:47:28,kk410338,,116.003449_25.321943
488045,粤E4JCO4,大型汽车,红黑字,大众,蓝,2015-11-02 21:04:56,kk894985,,116.499610_22.781416
924092,粤C0ATG2,大型汽车,红黑字,大众,蓝,2016-10-12 11:18:23,kk998643,,112.137493_23.903138
302768,粤D01104,大型汽车,黄底黑字,起亚,红,2016-07-23 09:03:24,kk805366,,111.400384_23.056723
97950,粤EW41YW,大型汽车,黑底白字,五菱,白,2017-09-01 03:40:10,kk107808,,112.572150_22.911574
450651,粤AN1F3K,警用汽车,红黑字,本田,红,2017-01-14 04:49:41,kk92736,,114.341170_22.732479
985977,粤EB30KU,警用汽车,黄底黑字,斯卡达,灰,2015-04-22 18:43:13,kk213288,,116.257880_22.920441
942000,粤EG3YQ2,小型汽车,蓝底白字,丰田,灰,2016-10-06 14:03:44,kk331015,,111.355772_25.304297
341791,粤B0P313,警用汽车,黄底黑字,斯卡达,黑,2017-10-16 06:06:00,kk860157,,114.163676_22.916148
393929,粤CFYL13,大型汽车,黄底黑字,大众,黑,2016-11-03 19:23:58,kk827278,,111.469504_23.181386
42193,粤BAP0T1,教练车,黑底白字,五菱,白,2017-02-15 02:44:44,kk471277,,116.250810_25.340721
601701,粤D4B0G0,警用汽车,黄底黑字,丰田,黑,2017-05-04 14:44:40,kk251980,,115.694972_24.957160
716649,粤D3EGT0,大型汽车,黄底黑字,大众,蓝,2016-12-01 00:37:18,kk909921,,113.173796_25.331709
453883,粤F3P4H0,小型汽车,黄底黑字,五菱,白,2016-11-11 17:14:29,kk525578,,113.420599_23.438618
206902,粤D43G01,大型汽车,蓝底白字,起亚,蓝,2016-08-17 10:14:09,kk363257,,116.942372_24.532690
226469,粤BOPSI3,警用汽车,黑底白字,起亚,红,2017-05-25 00:34:41,kk652975,,114.915819_22.914399
16895,粤DGIMA1,警用汽车,黄底黑字,起亚,灰,2016-10-17 06:32:03,kk363100,,112.291029_23.892612
541124,粤A3TX3C,警用汽车,红黑字,五菱,蓝,2016-12-07 04:42:40,kk447187,,111.679235_23.648499
163129,粤G121D4,大型汽车,红黑字,斯卡达,白,2015-05-02 07:02:48,kk10343,,113.343261_25.362990
522709,粤A2W2LE,警用汽车,红黑字,五菱,黑,2015-06-17 03:13:48,kk333635,,112.565995_23.779749
85642,粤E1O01Q,教练车,黑底白字,五菱,蓝,2017-06-09 12:53:41,kk719460,,112.887613_25.313651
941244,粤H4WZ4P,教练车,蓝底白字,丰田,红,2017-03-08 05:05:21,kk676465,,114.839091_24.811187
529742,粤FGW4N2,教练车,蓝底白字,五菱,蓝,2017-01-02 08:02:03,kk49504,,115.890741_25.091479
373458,粤BRGLYR,警用汽车,红黑字,五菱,黑,2016-11-21 20:04:50,kk318319,,113.651342_24.631205
558669,粤D0132O,教练车,黄底黑字,丰田,白,2016-12-26 17:48:40,kk437994,,112.689732_25.099286
669095,粤BFFH32,小型汽车,黑底白字,丰田,灰,2016-10-28 22:01:54,kk274946,,112.771545_24.612026
107329,粤C3X21O,大型汽车,黑底白字,丰田,白,2015-10-24 06:39:53,kk904100,,115.363719_23.334669
257117,粤G4W10E,小型汽车,黄底黑字,起亚,黑,2015-03-15 18:47:28,kk776062,,112.697069_24.263300
737258,粤H0LA1Q,大型汽车,红黑字,斯卡达,红,2015-05-07 03:54:38,kk37537,,115.689004_25.127400
76975,粤A10LE0,小型汽车,红黑字,五菱,红,2016-06-16 01:57:10,kk93877,,113.015494_25.501801
502986,粤F32D31,大型汽车,蓝底白字,斯卡达,红,2015-02-19 10:10:45,kk839573,,114.835408_23.725641
170090,粤EMZLF4,小型汽车,红黑字,本田,红,2017-11-01 07:03:02,kk850679,,114.043464_24.499587
89930,粤G2N3QI,教练车,黑底白字,五菱,白,2017-01-14 03:33:23,kk232543,,115.789663_22.748832
216715,粤B10A0Z,警用汽车,蓝底白字,斯卡达,白,2016-06-06 18:42:01,kk746899,,116.099806_23.635692
634008,粤HOQG1K,大型汽车,红黑字,大众,蓝,2017-06-20 21:02:57,kk304304,,113.146959_22.785850
553323,粤E3222G,教练车,红黑字,大众,红,2015-05-03 21:54:01,kk901037,,116.250927_25.070179
883092,粤BS4W1O,警用汽车,蓝底白字,斯卡达,蓝,2015-07-16 00:09:58,kk604008,,116.392708_23.723033
455681,粤AAFHLA,教练车,红黑字,起亚,白,2015-01-10 15:37:30,kk242892,,115.695351_25.011796
610490,粤FB0T1Q,大型汽车,蓝底白字,丰田,红,2017-10-08 03:18:58,kk55616,,113.951181_23.380473
722764,粤A4T0CT,大型汽车,蓝底白字,五菱,蓝,2015-12-16 16:59:16,kk651468,,116.891650_25.508168
440589,粤ASM44F,小型汽车,蓝底白字,本田,白,2016-11-15 07:20:34,kk305559,,111.867896_23.679760
846674,粤A414GX,教练车,黑底白字,本田,红,2015-05-01 03:16:47,kk778978,,114.710749_24.529943
496831,粤D4ON43,教练车,黑底白字,斯卡达,红,2015-03-04 13:24:32,kk570939,,115.896875_23.426713
303709,粤AS0ZG4,小型汽车,蓝底白字,五菱,灰,2017-06-27 14:57:18,kk752354,,116.994188_23.600830
532164,粤HY2023,小型汽车,红黑字,五菱,蓝,2015-11-17 09:10:05,kk304696,,116.810551_25.375831
751743,粤C11114,大型汽车,黑底白字,大众,白,2016-08-10 18:08:14,kk193667,,112.902334_24.209017
452143,粤BKAQSR,小型汽车,蓝底白字,起亚,灰,2017-01-18 11:39:25,kk244128,,116.535393_23.206180
169074,粤E242WJ,大型汽车,黄底黑字,起亚,蓝,2017-09-21 03:42:44,kk250856,,116.255038_23.849437
390818,粤EL344X,大型汽车,蓝底白字,斯卡达,红,2015-11-11 17:49:41,kk659186,,115.718724_24.477924
219898,粤H1VCV3,大型汽车,黑底白字,大众,灰,2016-12-18 13:36:39,kk580180,,116.351758_23.293772
749575,粤E31NH2,警用汽车,蓝底白字,起亚,黑,2015-02-08 06:55:25,kk866939,,115.139605_22.878890
381558,粤C40G01,大型汽车,红黑字,起亚,黑,2015-05-14 18:33:16,kk471804,,113.827035_24.545466
859088,粤DZSQ10,大型汽车,红黑字,本田,白,2015-07-01 07:24:41,kk328621,,113.770526_25.160958
618734,粤CK3P13,警用汽车,蓝底白字,本田,灰,2015-09-30 21:20:07,kk559909,,112.533889_23.602289
174530,粤G4X140,教练车,黄底黑字,五菱,红,2016-04-20 10:24:18,kk895665,,111.473301_23.652683
639721,粤FS10SL,大型汽车,红黑字,斯卡达,蓝,2017-03-29 01:36:59,kk808746,,111.722610_23.824611
164214,粤C2B1G4,大型汽车,黄底黑字,起亚,灰,2016-12-04 02:06:55,kk21127,,113.945736_24.232527
19959,粤CVPU42,大型汽车,黄底黑字,起亚,白,2016-05-02 16:03:42,kk716043,,114.643779_24.701318
301798,粤A0G1ZB,教练车,黑底白字,起亚,黑,2015-11-21 16:59:10,kk2918,,115.320856_25.133720
727965,粤DA2ZR3,警用汽车,黑底白字,丰田,灰,2016-03-24 01:00:42,kk925149,,111.946018_25.265321
822233,粤GV3LF2,教练车,黄底黑字,丰田,黑,2016-05-03 21:02:04,kk575228,,112.312582_25.072914
838830,粤C02D02,小型汽车,黑底白字,起亚,红,2016-06-15 16:43:54,kk687352,,112.274636_25.353070
151594,粤DW41F4,小型汽车,蓝底白字,大众,蓝,2015-09-21 02:41:33,kk414578,,116.423761_23.342663
470425,粤ES034V,小型汽车,红黑字,起亚,黑,2015-04-19 13:49:24,kk865755,,116.240413_23.598613
170961,粤AHAZ1G,教练车,红黑字,大众,黑,2016-03-02 04:16:57,kk376872,,114.441662_23.090887
227492,粤G420L2,教练车,黄底黑字,斯卡达,白,2017-06-26 07:37:46,kk422121,,115.050578_23.759094
724497,粤B2044G,警用汽车,黑底白字,丰田,蓝,2017-01-25 14:47:55,kk531892,,112.568847_22.850343
688757,粤C0M1WY,大型汽车,红黑字,斯卡达,红,2017-02-29 01:14:10,kk578100,,113.639979_22.849475
31890,粤B02RI1,警用汽车,蓝底白字,丰田,白,2017-10-30 14:52:56,kk311608,,116.669672_23.984817
722228,粤AZ0H43,小型汽车,蓝底白字,丰田,蓝,2016-04-05 16:12:20,kk92240,,114.458257_24.075596
915303,粤FOBV3K,教练车,黄底黑字,五菱,蓝,2017-05-16 07:41:51,kk338734,,115.855161_22.671504
663843,粤HKWY42,小型汽车,黑底白字,五菱,蓝,2015-12-15 07:48:12,kk344183,,112.104403_22.630610
995,粤F241K3,小型汽车,蓝底白字,大众,红,2015-01-05 22:57:24,kk751923,,114.414201_24.550370
644609,粤AA2324,小型汽车,红黑字,起亚,白,2017-04-06 14:32:30,kk167462,,114.937544_23.787452
305776,粤E4P0T3,教练车,蓝底白字,五菱,蓝,2015-07-24 19:01:03,kk94013,,116.405742_25.247231
601398,粤D103M2,小型汽车,黄底黑字,大众,白,2016-05-03 07:55:12,kk622295,,116.490894_24.908840
868434,粤B41RWJ,教练车,红黑字,大众,蓝,2017-12-29 16:57:06,kk79729,,116.805851_23.303790
756557,粤CC3KL2,警用汽车,黄底黑字,本田,白,2017-12-24 09:17:44,kk149797,,112.790725_25.292059
336312,粤AMC3C0,大型汽车,黄底黑字,斯卡达,蓝,2015-08-15 09:28:51,kk809246,,113.116989_25.164933
601480,粤DC43SK,教练车,黄底黑字,斯卡达,红,2017-12-01 10:33:00,kk798998,,115.064991_23.872514
667170,粤D1N2F0,教练车,蓝底白字,斯卡达,黑,2016-06-04 06:28:33,kk244018,,111.360328_23.549094
669309,粤G3FVXY,小型汽车,黄底黑字,丰田,灰,2015-10-20 19:19:18,kk468084,,114.731123_25.352147
356507,粤HAN01J,大型汽车,黄底黑字,五菱,灰,2015-07-22 18:40:05,kk11286,,113.700777_23.956737
631911,粤B4I0Z3,警用汽车,黄底黑字,本田,白,2016-06-30 02:28:33,kk351271,,113.055688_25.240781
850487,粤B4UDU0,小型汽车,蓝底白字,丰田,黑,2016-12-12 03:23:41,kk853660,,111.978942_24.404579
506292,粤F0004I,警用汽车,黄底黑字,大众,红,2017-01-17 09:45:37,kk32704,,116.098082_22.778958
54630,粤AJ421V,小型汽车,黑底白字,丰田,红,2016-11-30 04:45:35,kk290198,,112.905236_24.635432
5604,粤C04G42,大型汽车,黑底白字,本田,白,2015-02-16 08:09:36,kk918804,,115.510068_24.755991
98420,粤BPD3HY,小型汽车,红黑字,大众,白,2015-02-11 22:22:44,kk305365,,115.521585_25.201392
319898,粤A14IZ2,小型汽车,黑底白字,丰田,蓝,2016-03-02 02:57:28,kk950454,,112.787447_24.912531
766000,粤A2R12X,警用汽车,黄底黑字,五菱,蓝,2017-08-05 13:28:49,kk132303,,117.039363_25.401232
861790,粤DRHJK4,大型汽车,黄底黑字,五菱,黑,2017-10-26 02:34:00,kk786447,,115.724756_25.087173
253086,粤FAQ0V3,警用汽车,红黑字,丰田,蓝,2017-07-24 08:09:22,kk446800,,112.088457_23.820865
762172,粤EBP313,小型汽车,黑底白字,斯卡达,黑,2016-07-27 01:14:30,kk899580,,114.315914_24.496609
160279,粤DO34G4,大型汽车,黄底黑字,斯卡达,蓝,2015-11-17 12:59:16,kk538371,,117.056635_22.983413
151160,粤C3YZB3,教练车,红黑字,斯卡达,黑,2016-04-23 20:21:07,kk276824,,115.911873_23.875566
882923,粤CASF42,大型汽车,黄底黑字,斯卡达,白,2016-01-03 12:11:55,kk274862,,116.428929_25.414184
509400,粤CP0IK3,小型汽车,蓝底白字,斯卡达,灰,2017-08-13 13:15:03,kk664961,,113.589798_23.186386
807659,粤BBCU23,教练车,蓝底白字,本田,灰,2015-07-17 07:44:23,kk926970,,113.866395_24.121987
624909,粤BT213L,警用汽车,黄底黑字,大众,红,2017-04-16 16:17:24,kk553095,,111.974317_25.242558
975841,粤BD40CE,小型汽车,蓝底白字,斯卡达,蓝,2016-10-10 22:26:42,kk169103,,116.808789_24.132690
940608,粤A20443,教练车,黑底白字,丰田,灰,2017-11-11 16:45:08,kk333454,,117.046957_25.450891
123964,粤ERTKBO,警用汽车,黑底白字,斯卡达,黑,2015-05-12 06:48:31,kk822973,,115.899957_24.827961
327685,粤FF22LZ,警用汽车,红黑字,本田,红,2016-08-29 17:12:55,kk331876,,116.439476_25.429424
261267,粤B2X40Z,警用汽车,黑底白字,起亚,蓝,2016-05-09 20:30:09,kk160324,,116.091770_25.137844
569968,粤C12Q02,大型汽车,蓝底白字,起亚,白,2015-04-05 05:33:44,kk649393,,113.731348_25.292989
194653,粤E4H31F,警用汽车,红黑字,丰田,黑,2016-04-01 02:10:05,kk831225,,111.893398_24.691242
94446,粤GYX04Q,警用汽车,黄底黑字,本田,黑,2016-11-23 05:45:18,kk6319,,115.882611_24.889194
661106,粤EH4124,大型汽车,蓝底白字,起亚,红,2015-05-16 21:13:47,kk734306,,113.975174_24.673166
733103,粤A4Z2D1,警用汽车,蓝底白字,本田,蓝,2017-02-29 03:29:03,kk30243,,116.588603_23.158698
977733,粤H3D4D4,警用汽车,黑底白字,起亚,灰,2016-11-02 20:52:04,kk395359,,116.631866_23.915807
551222,粤ASSM2C,大型汽车,蓝底白字,斯卡达,灰,2017-12-24 20:15:21,kk679344,,113.900114_23.479520
369609,粤FJ34D1,大型汽车,红黑字,大众,灰,2016-10-24 04:17:27,kk670714,,116.276566_24.436363
27306,粤DUOQPI,教练车,蓝底白字,大众,红,2015-04-28 02:11:30,kk742416,,113.074586_23.705200
385575,粤HP30HA,教练车,蓝底白字,大众,红,2016-02-23 14:00:22,kk841775,,114.899503_25.505160
119786,粤CARTV0,大型汽车,蓝底白字,起亚,白,2015-12-29 16:16:43,kk607031,,114.496360_24.169282
62139,粤AZ31HF,教练车,黑底白字,起亚,黑,2017-09-22 17:20:42,kk417151,,114.994206_24.941567
5662,粤AH201T,教练车,蓝底白字,大众,灰,2015-10-02 07:18:03,kk737232,,111.680687_24.891613
745641,粤ECP241,大型汽车,红黑字,起亚,灰,2016-12-23 01:51:50,kk208766,,113.934454_23.164807
526231,粤GK231W,小型汽车,蓝底白字,斯卡达,黑,2017-08-17 10:06:31,kk552163,,114.009356_22.835916
732848,粤GF023O,教练车,黄底黑字,大众,白,2017-02-25 03:43:22,kk498365,,113.190332_23.284424
625075,粤AOCQKX,警用汽车,黑底白字,五菱,白,2017-07-18 01:44:27,kk647049,,115.543881_23.805269
140110,粤CGV3CO,小型汽车,黄底黑字,斯卡达,灰,2016-11-15 09:11:07,kk360815,,111.861275_24.252351
313444,粤EQT12Z,教练车,红黑字,本田,蓝,2017-12-08 17:49:17,kk547930,,116.384998_24.514887
661264,粤DGIOD3,大型汽车,黄底黑字,斯卡达,黑,2016-04-13 18:47:07,kk460618,,114.724262_22.784373
948206,粤FE10W3,小型汽车,蓝底白字,丰田,白,2016-02-07 10:43:54,kk441543,,114.962458_22.779957
124418,粤EES223,大型汽车,蓝底白字,起亚,白,2017-11-26 02:49:26,kk888032,,115.389138_25.557521
857506,粤FK1R1X,教练车,蓝底白字,斯卡达,蓝,2017-02-06 22:46:45,kk571787,,115.522611_24.811751
7779,粤D04L0O,警用汽车,红黑字,五菱,红,2017-04-28 14:42:51,kk851209,,111.416909_23.111896
599311,粤F2F0M0,警用汽车,黑底白字,丰田,蓝,2017-12-12 09:16:10,kk244142,,113.627229_25.342063
324696,粤CWX22W,大型汽车,红黑字,丰田,红,2017-07-10 19:39:37,kk290760,,114.954945_24.129837
387974,粤HN2E10,小型汽车,黑底白字,斯卡达,红,2015-05-21 09:38:26,kk629473,,112.816960_23.745823
538043,粤A2FAOH,警用汽车,蓝底白字,五菱,蓝,2015-10-06 12:39:58,kk733150,,112.076193_25.282695
473990,粤H313W0,大型汽车,黄底黑字,五菱,蓝,2017-12-02 15:07:40,kk808620,,114.519112_23.479473
414126,粤A41CGK,大型汽车,黑底白字,斯卡达,白,2017-11-21 03:08:26,kk949328,,115.056161_22.792478
512090,粤A1DS20,警用汽车,蓝底白字,本田,灰,2015-11-30 02:51:51,kk749174,,113.619404_22.694845
976266,粤FBSF1N,教练车,红黑字,斯卡达,黑,2017-11-05 00:55:03,kk235003,,115.638508_23.116307
202840,粤BM2RC1,大型汽车,蓝底白字,大众,白,2015-10-05 03:34:36,kk155848,,115.826491_22.574123
968190,粤C33MN0,教练车,黄底黑字,丰田,灰,2016-02-03 19:24:54,kk378967,,116.104626_22.868039
742884,粤A202IU,小型汽车,蓝底白字,起亚,蓝,2017-12-11 02:21:36,kk385857,,111.504087_23.873914
487429,粤G2243H,小型汽车,蓝底白字,本田,蓝,2015-02-26 11:51:11,kk635873,,114.323219_24.510317
869014,粤BA0F3N,小型汽车,黑底白字,五菱,蓝,2017-10-04 20:18:44,kk870698,,113.920375_24.770231
698833,粤E4GWZ4,小型汽车,红黑字,大众,黑,2016-01-01 13:02:00,kk269879,,115.926517_23.549432
531187,粤G4420A,警用汽车,红黑字,本田,黑,2017-04-14 09:03:47,kk735753,,116.616491_24.874346
788397,粤CCS013,大型汽车,黄底黑字,斯卡达,灰,2015-03-21 13:12:08,kk485554,,111.990374_23.302205
479688,粤FNG40R,警用汽车,红黑字,丰田,蓝,2017-06-16 14:08:50,kk559106,,116.349328_23.098571
567532,粤G3ZX13,警用汽车,蓝底白字,丰田,白,2017-08-11 09:26:55,kk812463,,116.098649_23.431342
301552,粤GW401Z,小型汽车,蓝底白字,斯卡达,蓝,2016-06-10 16:36:33,kk460994,,112.587735_24.706010
387940,粤H4GI1N,警用汽车,黄底黑字,丰田,红,2017-05-20 18:54:48,kk259832,,113.272149_24.864655
691435,粤A20HZ0,大型汽车,蓝底白字,本田,红,2015-08-27 09:39:34,kk965287,,114.500781_22.800315
277267,粤A12SKX,警用汽车,黑底白字,丰田,灰,2017-09-27 19:37:24,kk807697,,112.387351_22.707362
992076,粤B43TK0,教练车,蓝底白字,本田,红,2017-02-06 06:50:11,kk324411,,116.770528_24.899589
455659,粤DB2F0X,警用汽车,黄底黑字,斯卡达,灰,2015-03-30 02:00:52,kk50949,,116.059651_25.278235
289501,粤DMG001,小型汽车,黑底白字,大众,蓝,2015-06-26 05:49:51,kk249113,,113.673536_22.581434
643406,粤E221VI,小型汽车,黄底黑字,五菱,蓝,2015-10-14 07:01:32,kk62676,,113.719393_24.537948
598137,粤EAFWN3,警用汽车,黄底黑字,大众,白,2017-03-08 09:14:14,kk234485,,115.725505_24.173911
819819,粤HS4I0H,教练车,黑底白字,本田,蓝,2016-10-19 21:53:30,kk793213,,116.230958_23.309404
920988,粤GYVHZ1,教练车,红黑字,本田,黑,2017-10-07 15:37:39,kk923641,,116.892723_23.066670
343487,粤D2AC1R,警用汽车,黑底白字,五菱,红,2017-08-13 11:15:41,kk571304,,115.635849_25.125118
220026,粤E1Z1R4,教练车,黄底黑字,起亚,白,2016-10-14 01:39:44,kk200460,,115.877077_23.111876
594090,粤FKMC2F,警用汽车,蓝底白字,起亚,灰,2017-04-21 18:16:41,kk523778,,115.734512_24.832430
581952,粤HW3SEV,大型汽车,黑底白字,丰田,黑,2017-09-12 14:29:26,kk952802,,112.820594_25.081407
545910,粤CM1243,大型汽车,蓝底白字,丰田,蓝,2016-06-06 02:57:55,kk980152,,114.125868_23.886106
114495,粤E2210X,警用汽车,黑底白字,五菱,白,2016-04-23 13:45:08,kk697601,,116.811097_25.391189
933195,粤COMFP1,警用汽车,红黑字,本田,红,2015-10-26 09:44:56,kk178568,,113.294115_23.251689
358392,粤AW0F4X,小型汽车,黑底白字,本田,红,2016-06-10 02:03:56,kk509241,,112.192625_25.235775
917542,粤BO1QV1,教练车,红黑字,本田,黑,2016-02-24 01:42:21,kk839458,,115.410883_25.323496
250208,粤B1VJOB,小型汽车,黄底黑字,五菱,蓝,2017-11-19 11:34:12,kk942621,,116.807027_25.105815
417454,粤GN31W2,大型汽车,蓝底白字,本田,白,2017-04-26 20:42:56,kk423363,,116.241055_23.193352
921161,粤B0W23P,警用汽车,黄底黑字,起亚,白,2017-05-29 17:40:03,kk892319,,111.338392_25.254519
510215,粤D11301,教练车,黑底白字,五菱,红,2016-03-20 00:58:27,kk139292,,115.021578_25.117504
867095,粤BDW312,教练车,黄底黑字,丰田,红,2015-07-02 22:16:01,kk579255,,112.099078_23.529310
566252,粤EQIUZF,大型汽车,黄底黑字,斯卡达,红,2016-10-03 18:26:44,kk20043,,111.272122_25.248784
274770,粤C2CVIW,大型汽车,红黑字,大众,蓝,2016-05-15 09:33:48,kk106267,,116.075597_23.660431
26141,粤F31ARE,小型汽车,黑底白字,五菱,灰,2015-06-16 17:20:34,kk630880,,114.292798_23.791547
539615,粤CARP04,教练车,蓝底白字,本田,红,2017-10-24 12:05:36,kk273996,,116.523991_22.999685
980397,粤H021B0,教练车,蓝底白字,本田,蓝,2016-11-29 09:18:14,kk227983,,115.574045_24.089991
260107,粤HXR41I,大型汽车,红黑字,丰田,蓝,2016-11-16 15:28:06,kk598499,,116.384596_24.193294
962230,粤C2KM0T,小型汽车,红黑字,起亚,白,2015-04-15 10:59:51,kk433072,,112.075146_24.599959
243927,粤AU1242,教练车,黑底白字,斯卡达,蓝,2017-02-09 12:04:05,kk721983,,115.658492_23.338523
613393,粤B242Z3,小型汽车,红黑字,五菱,蓝,2015-05-29 14:57:21,kk740608,,115.786668_24.441726
311059,粤BWP3QR,警用汽车,黑底白字,丰田,白,2017-12-02 00:09:03,kk658078,,115.532142_23.592638
133311,粤CU30AM,教练车,黑底白字,丰田,白,2015-12-10 12:04:41,kk423983,,116.092736_23.112189
928967,粤G313V3,大型汽车,蓝底白字,大众,灰,2017-03-03 19:36:11,kk563047,,112.430550_25.288983
671616,粤C30OP3,教练车,红黑字,本田,灰,2016-11-25 16:08:46,kk657103,,116.952200_22.589898
965040,粤D34OH2,大型汽车,红黑字,五菱,白,2015-10-04 15:44:28,kk974342,,115.899559_25.085218
74267,粤D2JAQU,警用汽车,黄底黑字,本田,黑,2017-12-21 19:02:58,kk917772,,111.745848_22.875415
91424,粤EL102G,教练车,蓝底白字,斯卡达,红,2015-09-23 06:40:03,kk707916,,113.144227_24.529113
643399,粤AXKY30,教练车,红黑字,丰田,黑,2015-08-18 19:27:44,kk989278,,114.846767_23.685039
627427,粤F1C4KI,大型汽车,黑底白字,五菱,红,2017-06-12 10:32:43,kk855686,,111.868706_25.256841
821065,粤C24A0A,大型汽车,黑底白字,斯卡达,黑,2017-03-29 19:08:22,kk126594,,115.722953_24.835246
854633,粤CDEVL0,警用汽车,黑底白字,五菱,白,2015-06-16 16:23:02,kk574570,,116.119401_24.662987
957020,粤D0440Q,教练车,蓝底白字,起亚,灰,2015-04-17 20:34:55,kk203595,,113.134825_24.582087
89899,粤GA2114,警用汽车,黄底黑字,起亚,黑,2016-08-12 08:34:43,kk608492,,116.423435_23.639166
570706,粤F11442,小型汽车,黄底黑字,丰田,白,2016-05-25 05:14:19,kk907699,,115.970494_24.896430
51368,粤GPNG23,警用汽车,黑底白字,本田,白,2017-01-22 04:35:08,kk734760,,111.832231_22.848755
767598,粤FAY02W,警用汽车,黑底白字,起亚,灰,2016-05-12 19:41:13,kk298343,,111.297310_23.506013
302686,粤BI2OR0,教练车,黄底黑字,丰田,白,2016-05-07 20:48:19,kk576233,,111.873849_23.619274
720066,粤F01A40,小型汽车,黄底黑字,丰田,白,2017-11-27 05:16:12,kk295687,,114.243827_24.108192
810542,粤G424S2,大型汽车,黑底白字,丰田,灰,2015-07-23 11:36:55,kk470675,,115.290132_23.373704
372896,粤DU14V0,教练车,红黑字,斯卡达,黑,2016-12-16 00:47:12,kk915973,,113.686926_25.151103
900722,粤EV124T,小型汽车,黄底黑字,大众,灰,2015-04-14 02:39:57,kk338710,,111.307123_23.177131
783657,粤EH0N4T,警用汽车,黄底黑字,大众,红,2015-03-30 22:52:03,kk319921,,114.255208_23.071705
147811,粤ET1113,教练车,红黑字,大众,蓝,2017-01-16 14:44:56,kk741772,,115.124638_23.866243
758028,粤CDF014,大型汽车,蓝底白字,五菱,灰,2017-04-13 20:52:23,kk990592,,115.281100_24.770355
983706,粤F2XZP1,大型汽车,黑底白字,五菱,灰,2017-07-30 20:30:40,kk571469,,114.541476_23.853417
690286,粤AGJ1GW,教练车,黄底黑字,丰田,黑,2017-12-17 03:28:14,kk607102,,111.696140_22.992727
60094,粤G1122F,小型汽车,黄底黑字,五菱,蓝,2016-05-10 20:38:43,kk61760,,114.158055_23.475432
769073,粤AK034A,教练车,黑底白字,丰田,白,2015-08-21 18:45:49,kk430611,,114.486014_23.575322
650064,粤ACE24M,教练车,黑底白字,斯卡达,蓝,2015-07-26 09:14:42,kk65353,,115.567422_23.565793
958624,粤AMD1V1,警用汽车,黑底白字,大众,蓝,2016-09-20 19:43:36,kk268987,,112.791777_22.915308
623985,粤H1412Y,教练车,蓝底白字,起亚,白,2016-10-30 07:09:46,kk785736,,116.307657_24.615567
415599,粤DBO34Q,警用汽车,红黑字,五菱,白,2016-08-02 21:34:17,kk336545,,114.486147_23.126076
784828,粤ATS3IV,警用汽车,蓝底白字,本田,黑,2015-11-22 03:07:53,kk406228,,117.046825_24.665797
251678,粤EIA0I2,小型汽车,红黑字,大众,白,2017-10-12 05:42:57,kk575277,,113.262190_23.600653
598081,粤D0S143,教练车,黑底白字,五菱,白,2016-12-30 01:20:59,kk307487,,116.104728_23.791238
598082,粤D0S143,教练车,黑底白字,五菱,白,2016-12-30 02:10:59,kk406228,,117.046825_24.665797